tc_season,atcf_id,storm_name,jtwc_start_time,jtwc_end_time,tech,adm0_name,adm0_code,population_15as,population_30as,loss_15as,loss_30as,wind_cat_15as,wind_cat_30as,wind_cat_0_15as,wind_cat_0_30as,wind_cat_1_15as,wind_cat_1_30as,wind_cat_2_15as,wind_cat_2_30as,wind_cat_3_15as,wind_cat_3_30as,wind_cat_4_15as,wind_cat_4_30as,wind_cat_5_15as,wind_cat_5_30as
2022,SH072022,ANA,2022-01-20 00:00,2022-01-25 06:00,OFCL,Madagascar,MDG,10805148.0,1736208.0,2786507.77,47432.14,"{0: 3983084, 1: 6822064}","{0: 1668530, 1: 67678}",3983084.0,1668530.0,6822064.0,67678.0,0.0,0.0,0.0,0.0,0.0,0.0,0.0,0.0
2022,SH072022,ANA,2022-01-20 00:00,2022-01-25 06:00,OFCL,Mozambique,MOZ,8561178.0,1351018.0,14827561.47,749611.63,"{0: 3269991, 1: 4544786, 2: 746401}","{0: 871078, 1: 479327, 2: 613}",3269991.0,871078.0,4544786.0,479327.0,746401.0,613.0,0.0,0.0,0.0,0.0,0.0,0.0
2022,SH082022,BATSIRAI,2022-01-25 06:00,2022-02-09 12:00,OFCL,Madagascar,MDG,22123596.0,5016175.0,1078179165.16,858501258.39,"{0: 2914404, 1: 5112716, 2: 6665316, 3: 5790706, 4: 1640454}","{0: 834821, 1: 1224646, 2: 1632548, 3: 1310254, 4: 13906}",2914404.0,834821.0,5112716.0,1224646.0,6665316.0,1632548.0,5790706.0,1310254.0,1640454.0,13906.0,0.0,0.0
2022,SH082022,BATSIRAI,2022-01-25 06:00,2022-02-09 12:00,OFCL,Mauritius,MUS,1246279.0,445143.0,23869070.58,24021869.43,"{1: 1101030, 2: 145249}","{1: 362486, 2: 82657}",0.0,0.0,1101030.0,362486.0,145249.0,82657.0,0.0,0.0,0.0,0.0,0.0,0.0
2022,SH082022,BATSIRAI,2022-01-25 06:00,2022-02-09 12:00,OFCL,Reunion,REU,963140.0,289946.0,26421160.43,13326753.87,"{1: 878981, 2: 84159}","{1: 240516, 2: 49430}",0.0,0.0,878981.0,240516.0,84159.0,49430.0,0.0,0.0,0.0,0.0,0.0,0.0
2022,SH122022,DUMAKO,2022-02-11 06:00,2022-02-16 00:00,OFCL,Madagascar,MDG,2559648.0,488898.0,4420079.38,350748.61,"{0: 622122, 1: 1768807, 2: 168719}","{0: 232142, 1: 256756}",622122.0,232142.0,1768807.0,256756.0,168719.0,0.0,0.0,0.0,0.0,0.0,0.0,0.0
2022,SH132022,EMNATI,2022-02-15 12:00,2022-02-25 00:00,OFCL,Madagascar,MDG,10038794.0,1558849.0,103434740.12,27262524.45,"{0: 4100621, 1: 2948496, 2: 1611520, 3: 1378157}","{0: 738989, 1: 463936, 2: 348385, 3: 7539}",4100621.0,738989.0,2948496.0,463936.0,1611520.0,348385.0,1378157.0,7539.0,0.0,0.0,0.0,0.0
2022,SH132022,EMNATI,2022-02-15 12:00,2022-02-25 00:00,OFCL,Mauritius,MUS,1245631.0,445143.0,1558378.76,1391727.57,"{0: 67206, 1: 1178425}","{0: 19097, 1: 426046}",67206.0,19097.0,1178425.0,426046.0,0.0,0.0,0.0,0.0,0.0,0.0,0.0,0.0
2022,SH132022,EMNATI,2022-02-15 12:00,2022-02-25 00:00,OFCL,Reunion,REU,633740.0,288533.0,12582785.43,709103.69,"{0: 252790, 1: 380950}","{0: 97689, 1: 190844}",252790.0,97689.0,380950.0,190844.0,0.0,0.0,0.0,0.0,0.0,0.0,0.0,0.0
2022,SH192022,GOMBE,2022-03-06 00:00,2022-03-12 06:00,OFCL,Madagascar,MDG,1267132.0,76050.0,159615.36,1995.86,"{0: 1055942, 1: 211098, 2: 92}","{0: 74244, 1: 1806}",1055942.0,74244.0,211098.0,1806.0,92.0,0.0,0.0,0.0,0.0,0.0,0.0,0.0
2022,SH192022,GOMBE,2022-03-06 00:00,2022-03-12 06:00,OFCL,Mozambique,MOZ,7743819.0,1397710.0,399244747.75,137735069.6,"{0: 1441340, 1: 1856151, 2: 1548262, 3: 2465357, 4: 419339, 5: 13370}","{0: 298005, 1: 338508, 2: 447950, 3: 307950, 4: 5297}",1441340.0,298005.0,1856151.0,338508.0,1548262.0,447950.0,2465357.0,307950.0,419339.0,5297.0,13370.0,0.0
2022,SH242022,JASMINE,2022-04-20 06:00,2022-05-01 06:00,OFCL,Madagascar,MDG,5142068.0,571980.0,8793588.36,1404214.63,"{0: 3323216, 1: 1107421, 2: 711431}","{0: 336847, 1: 215999, 2: 19134}",3323216.0,336847.0,1107421.0,215999.0,711431.0,19134.0,0.0,0.0,0.0,0.0,0.0,0.0
2022,SH242022,JASMINE,2022-04-20 06:00,2022-05-01 06:00,OFCL,Mozambique,MOZ,7439539.0,751185.0,739781.99,645.9,"{0: 6350517, 1: 1089022}",{0: 751185},6350517.0,751185.0,1089022.0,0.0,0.0,0.0,0.0,0.0,0.0,0.0,0.0,0.0
2022,SH242022,JASMINE,2022-04-20 06:00,2022-05-01 06:00,OFCL,Reunion,REU,338.0,988.0,4.01,0.62,{0: 338},{0: 988},338.0,988.0,0.0,0.0,0.0,0.0,0.0,0.0,0.0,0.0,0.0,0.0
2023,SH082023,CHENESO,2023-01-13 06:00,2023-01-30 00:00,JTWC,Madagascar,MDG,,1837549.0,,4898292.82,,"{0: 1089138, 1: 648074, 2: 100337}",,1089138.0,,648074.0,,100337.0,,0.0,,0.0,,0.0
2023,SH082023,CHENESO,2023-01-13 06:00,2023-01-30 00:00,JTWC,Mozambique,MOZ,,1.0,,0.54,,{0: 1},,1.0,,0.0,,0.0,,0.0,,0.0,,0.0
2023,SH112023,FREDDY,2023-02-03 06:00,2023-03-12 00:00,JTWC,Madagascar,MDG,,3397870.0,,354474034.84,,"{0: 980040, 1: 1104965, 2: 668361, 3: 644504}",,980040.0,,1104965.0,,668361.0,,644504.0,,0.0,,0.0
2023,SH112023,FREDDY,2023-02-03 06:00,2023-03-12 00:00,JTWC,Mozambique,MOZ,,2042503.0,,120688776.94,,"{0: 703244, 1: 735547, 2: 321706, 3: 281999, 4: 7}",,703244.0,,735547.0,,321706.0,,281999.0,,7.0,,0.0
2023,SH112023,FREDDY,2023-02-03 06:00,2023-03-12 00:00,JTWC,Mauritius,MUS,,458325.0,,119119975.24,,"{0: 142, 1: 34205, 2: 423658, 3: 320}",,142.0,,34205.0,,423658.0,,320.0,,0.0,,0.0
2023,SH112023,FREDDY,2023-02-03 06:00,2023-03-12 00:00,JTWC,Reunion,REU,,289946.0,,10083093.55,,"{0: 6, 1: 272630, 2: 17310}",,6.0,,272630.0,,17310.0,,0.0,,0.0,,0.0
2024,SH042024,ALVARO,2023-12-30 00:00,2024-01-04 00:00,JTWC,Madagascar,MDG,,989875.0,,1012469.56,,"{0: 692267, 1: 287693, 2: 9915}",,692267.0,,287693.0,,9915.0,,0.0,,0.0,,0.0
2024,SH052024,BELAL,2024-01-10 06:00,2024-01-19 00:00,JTWC,Mauritius,MUS,,445513.0,,10085251.39,,"{0: 370, 1: 440911, 2: 4232}",,370.0,,440911.0,,4232.0,,0.0,,0.0,,0.0
2024,SH052024,BELAL,2024-01-10 06:00,2024-01-19 00:00,JTWC,Reunion,REU,,289946.0,,556933537.1,,"{2: 127158, 3: 162788}",,0.0,,0.0,,127158.0,,162788.0,,0.0,,0.0
2024,SH082024,CANDICE,2024-01-22 00:00,2024-01-28 06:00,JTWC,Mauritius,MUS,,285115.0,,84221.2,,"{0: 263664, 1: 21451}",,263664.0,,21451.0,,0.0,,0.0,,0.0,,0.0
2024,SH082024,CANDICE,2024-01-22 00:00,2024-01-28 06:00,JTWC,Reunion,REU,,15677.0,,679.52,,{0: 15677},,15677.0,,0.0,,0.0,,0.0,,0.0,,0.0
2024,SH162024,ELEANOR,2024-02-17 00:00,2024-02-24 18:00,JTWC,Mauritius,MUS,,156322.0,,53738.62,,"{0: 150958, 1: 5364}",,150958.0,,5364.0,,0.0,,0.0,,0.0,,0.0
2024,SH172024,FILIPO,2024-03-04 18:00,2024-03-13 18:00,JTWC,Mozambique,MOZ,,745468.0,,618830.36,,"{0: 522028, 1: 218089, 2: 5351}",,522028.0,,218089.0,,5351.0,,0.0,,0.0,,0.0
2024,SH202024,GAMANE,2024-03-24 18:00,2024-03-28 18:00,JTWC,Madagascar,MDG,,378549.0,,19118164.87,,"{0: 182885, 1: 132458, 2: 32791, 3: 30415}",,182885.0,,132458.0,,32791.0,,30415.0,,0.0,,0.0
2024,SH232024,HIDAYA,2024-04-28 12:00,2024-05-04 12:00,JTWC,Mozambique,MOZ,,1.0,,0.0,,{0: 1},,1.0,,0.0,,0.0,,0.0,,0.0,,0.0
2024,SH232024,HIDAYA,2024-04-28 12:00,2024-05-04 12:00,JTWC,Seychelles,SYC,,36.0,,0.1,,{0: 36},,36.0,,0.0,,0.0,,0.0,,0.0,,0.0
2024,SH232024,HIDAYA,2024-04-28 12:00,2024-05-04 12:00,JTWC,Tanzania,TZA,,2123019.0,,5055146.78,,"{0: 663320, 1: 1410756, 2: 48943}",,663320.0,,1410756.0,,48943.0,,0.0,,0.0,,0.0
2025,SH022025,BHEKI,2024-11-13 00:00,2024-11-22 18:00,JTWC,Mauritius,MUS,,13386.0,,759294.18,,"{0: 204, 1: 13182}",,204.0,,13182.0,,0.0,,0.0,,0.0,,0.0
2025,SH022025,BHEKI,2024-11-13 00:00,2024-11-22 18:00,JTWC,Reunion,REU,,120313.0,,33954.58,,"{0: 119295, 1: 1018}",,119295.0,,1018.0,,0.0,,0.0,,0.0,,0.0
2025,SH042025,CHIDO,2024-12-05 06:00,2024-12-15 06:00,JTWC,Comoros,COM,,189116.0,,2948790.85,,"{0: 69040, 1: 44204, 2: 64527, 3: 11345}",,69040.0,,44204.0,,64527.0,,11345.0,,0.0,,0.0
2025,SH042025,CHIDO,2024-12-05 06:00,2024-12-15 06:00,JTWC,Madagascar,MDG,,181610.0,,2538160.38,,"{0: 103478, 1: 35026, 2: 40711, 3: 2395}",,103478.0,,35026.0,,40711.0,,2395.0,,0.0,,0.0
2025,SH042025,CHIDO,2024-12-05 06:00,2024-12-15 06:00,JTWC,Mozambique,MOZ,,2197436.0,,491138095.67,,"{0: 607129, 1: 749794, 2: 321797, 3: 396290, 4: 122426}",,607129.0,,749794.0,,321797.0,,396290.0,,122426.0,,0.0
2025,SH042025,CHIDO,2024-12-05 06:00,2024-12-15 06:00,JTWC,Mauritius,MUS,,122.0,,9756631.78,,{4: 122},,0.0,,0.0,,0.0,,0.0,,122.0,,0.0
2025,SH042025,CHIDO,2024-12-05 06:00,2024-12-15 06:00,JTWC,Mayotte,MYT,,65080.0,,5857566957.42,,"{3: 3072, 4: 62008}",,0.0,,0.0,,0.0,,3072.0,,62008.0,,0.0
2025,SH042025,CHIDO,2024-12-05 06:00,2024-12-15 06:00,JTWC,Seychelles,SYC,,68.0,,838.57,,{1: 68},,0.0,,68.0,,0.0,,0.0,,0.0,,0.0
2025,SH072025,DIKELEDI,2024-12-29 12:00,2025-01-17 18:00,JTWC,Madagascar,MDG,,762403.0,,45464468.85,,"{0: 321457, 1: 198139, 2: 122426, 3: 120381}",,321457.0,,198139.0,,122426.0,,120381.0,,0.0,,0.0
2025,SH072025,DIKELEDI,2024-12-29 12:00,2025-01-17 18:00,JTWC,Mozambique,MOZ,,736383.0,,7832201.03,,"{0: 258183, 1: 367932, 2: 92925, 3: 17343}",,258183.0,,367932.0,,92925.0,,17343.0,,0.0,,0.0
2025,SH112025,FAIDA,2025-01-23 06:00,2025-02-05 00:00,JTWC,Madagascar,MDG,,56133.0,,246.61,,{0: 56133},,56133.0,,0.0,,0.0,,0.0,,0.0,,0.0
2025,SH112025,FAIDA,2025-01-23 06:00,2025-02-05 00:00,JTWC,Mauritius,MUS,,59418.0,,5362.43,,{0: 59418},,59418.0,,0.0,,0.0,,0.0,,0.0,,0.0
2025,SH112025,FAIDA,2025-01-23 06:00,2025-02-05 00:00,JTWC,Reunion,REU,,982.0,,1.95,,{0: 982},,982.0,,0.0,,0.0,,0.0,,0.0,,0.0
2025,SH122025,ELVIS,2025-01-27 00:00,2025-01-31 18:00,JTWC,Madagascar,MDG,,164426.0,,8892.71,,"{0: 152961, 1: 11465}",,152961.0,,11465.0,,0.0,,0.0,,0.0,,0.0
2025,SH222025,GARANCE,2025-02-23 12:00,2025-03-02 06:00,JTWC,Mauritius,MUS,,15373.0,,527.35,,{0: 15373},,15373.0,,0.0,,0.0,,0.0,,0.0,,0.0
2025,SH222025,GARANCE,2025-02-23 12:00,2025-03-02 06:00,JTWC,Reunion,REU,,289946.0,,1359611631.04,,"{2: 8205, 3: 281722, 4: 19}",,0.0,,0.0,,8205.0,,281722.0,,19.0,,0.0
2025,SH232025,HONDE,2025-02-22 18:00,2025-03-05 18:00,JTWC,Madagascar,MDG,,1035850.0,,4746434.35,,"{0: 458138, 1: 521955, 2: 55757}",,458138.0,,521955.0,,55757.0,,0.0,,0.0,,0.0
2025,SH252025,JUDE,2025-03-06 06:00,2025-03-16 06:00,JTWC,Madagascar,MDG,,1788668.0,,8645862.37,,"{0: 893017, 1: 726690, 2: 168961}",,893017.0,,726690.0,,168961.0,,0.0,,0.0,,0.0
2025,SH252025,JUDE,2025-03-06 06:00,2025-03-16 06:00,JTWC,Mozambique,MOZ,,2442945.0,,55542728.82,,"{0: 651275, 1: 839196, 2: 905493, 3: 46981}",,651275.0,,839196.0,,905493.0,,46981.0,,0.0,,0.0
2025,SH252025,JUDE,2025-03-06 06:00,2025-03-16 06:00,JTWC,Reunion,REU,,2.0,,0.0,,{0: 2},,2.0,,0.0,,0.0,,0.0,,0.0,,0.0
1980,SH021980,NONAME,1979-12-10 00:00,1979-12-28 06:00,OFCL,Mauritius,MUS,1246381.0,,224158794.01,,"{0: 102, 2: 1110238, 3: 136041}",,102.0,,0.0,,1110238.0,,136041.0,,0.0,,0.0,
1980,SH021980,NONAME,1979-12-10 00:00,1979-12-28 06:00,OFCL,Reunion,REU,564801.0,,1905564.23,,"{0: 267831, 1: 296970}",,267831.0,,296970.0,,0.0,,0.0,,0.0,,0.0,
1980,SH081980,NONAME,1980-01-17 00:00,1980-01-29 00:00,OFCL,Madagascar,MDG,12866337.0,,32241615.76,,"{0: 5706130, 1: 5033984, 2: 2080307, 3: 45916}",,5706130.0,,5033984.0,,2080307.0,,45916.0,,0.0,,0.0,
1980,SH081980,NONAME,1980-01-17 00:00,1980-01-29 00:00,OFCL,Mauritius,MUS,937579.0,,4992912.47,,"{0: 686934, 1: 250645}",,686934.0,,250645.0,,0.0,,0.0,,0.0,,0.0,
1980,SH081980,NONAME,1980-01-17 00:00,1980-01-29 00:00,OFCL,Reunion,REU,963140.0,,175385122.54,,"{1: 291185, 2: 671749, 3: 206}",,0.0,,291185.0,,671749.0,,206.0,,0.0,,0.0,
1980,SH121980,NONAME,1980-02-01 12:00,1980-02-07 00:00,OFCL,Mauritius,MUS,1290931.0,,5655134.89,,"{0: 170409, 1: 1110204, 2: 10318}",,170409.0,,1110204.0,,10318.0,,0.0,,0.0,,0.0,
1980,SH121980,NONAME,1980-02-01 12:00,1980-02-07 00:00,OFCL,Reunion,REU,4810.0,,523199.27,,{0: 4810},,4810.0,,0.0,,0.0,,0.0,,0.0,,0.0,
1980,SH181980,NONAME,1980-02-25 12:00,1980-03-13 00:00,OFCL,Madagascar,MDG,2063749.0,,994766.47,,"{0: 1136017, 1: 927435, 2: 297}",,1136017.0,,927435.0,,297.0,,0.0,,0.0,,0.0,
1980,SH181980,NONAME,1980-02-25 12:00,1980-03-13 00:00,OFCL,Mauritius,MUS,1246279.0,,4444202.99,,"{1: 1246186, 2: 93}",,0.0,,1246186.0,,93.0,,0.0,,0.0,,0.0,
1980,SH181980,NONAME,1980-02-25 12:00,1980-03-13 00:00,OFCL,Reunion,REU,963140.0,,21820537.83,,"{1: 909007, 2: 54133}",,0.0,,909007.0,,54133.0,,0.0,,0.0,,0.0,
1980,SH191980,NONAME,1980-03-08 00:00,1980-03-17 00:00,OFCL,Mauritius,MUS,1246754.0,,763877379.03,,"{0: 475, 2: 506, 3: 1245773}",,475.0,,0.0,,506.0,,1245773.0,,0.0,,0.0,
1980,SH191980,NONAME,1980-03-08 00:00,1980-03-17 00:00,OFCL,Reunion,REU,8029.0,,180045.06,,{0: 8029},,8029.0,,0.0,,0.0,,0.0,,0.0,,0.0,
1980,SH221980,NONAME,1980-03-14 12:00,1980-03-20 00:00,OFCL,Madagascar,MDG,1156077.0,,186337.1,,"{0: 990706, 1: 165371}",,990706.0,,165371.0,,0.0,,0.0,,0.0,,0.0,
1981,SH081981,NONAME,1981-01-04 00:00,1981-01-10 12:00,OFCL,Mauritius,MUS,1246279.0,,121483568.78,,"{1: 2159, 2: 1234700, 3: 9420}",,0.0,,2159.0,,1234700.0,,9420.0,,0.0,,0.0,
1981,SH081981,NONAME,1981-01-04 00:00,1981-01-10 12:00,OFCL,Reunion,REU,963140.0,,2194462605.33,,"{3: 934903, 4: 28237}",,0.0,,0.0,,0.0,,934903.0,,28237.0,,0.0,
1981,SH131981,NONAME,1981-01-28 00:00,1981-02-04 12:00,OFCL,Madagascar,MDG,4126991.0,,4348802.93,,"{0: 1309657, 1: 2776192, 2: 41142}",,1309657.0,,2776192.0,,41142.0,,0.0,,0.0,,0.0,
1981,SH131981,NONAME,1981-01-28 00:00,1981-02-04 12:00,OFCL,Mauritius,MUS,44610.0,,6448.86,,{0: 44610},,44610.0,,0.0,,0.0,,0.0,,0.0,,0.0,
1981,SH131981,NONAME,1981-01-28 00:00,1981-02-04 12:00,OFCL,Reunion,REU,35.0,,3.1,,{0: 35},,35.0,,0.0,,0.0,,0.0,,0.0,,0.0,
1981,SH171981,NONAME,1981-02-16 12:00,1981-02-23 12:00,OFCL,Comoros,COM,8574.0,,29.95,,{0: 8574},,8574.0,,0.0,,0.0,,0.0,,0.0,,0.0,
1981,SH171981,NONAME,1981-02-16 12:00,1981-02-23 12:00,OFCL,Madagascar,MDG,10424355.0,,9092692.35,,"{0: 5831370, 1: 4248623, 2: 342967, 3: 1395}",,5831370.0,,4248623.0,,342967.0,,1395.0,,0.0,,0.0,
1981,SH171981,NONAME,1981-02-16 12:00,1981-02-23 12:00,OFCL,Mayotte,MYT,15189.0,,3021.6,,{0: 15189},,15189.0,,0.0,,0.0,,0.0,,0.0,,0.0,
1981,SH221981,NONAME,1981-03-01 12:00,1981-03-10 00:00,OFCL,Madagascar,MDG,573950.0,,2849.21,,{0: 573950},,573950.0,,0.0,,0.0,,0.0,,0.0,,0.0,
1981,SH221981,NONAME,1981-03-01 12:00,1981-03-10 00:00,OFCL,Mauritius,MUS,1191488.0,,809533.17,,"{0: 354691, 1: 836797}",,354691.0,,836797.0,,0.0,,0.0,,0.0,,0.0,
1981,SH221981,NONAME,1981-03-01 12:00,1981-03-10 00:00,OFCL,Reunion,REU,349771.0,,257601.96,,"{0: 319363, 1: 30408}",,319363.0,,30408.0,,0.0,,0.0,,0.0,,0.0,
1981,SH261981,NONAME,1981-03-28 00:00,1981-04-06 00:00,OFCL,Madagascar,MDG,2009938.0,,82965.25,,"{0: 1836288, 1: 173650}",,1836288.0,,173650.0,,0.0,,0.0,,0.0,,0.0,
1981,SH281981,NONAME,1981-04-06 00:00,1981-04-14 12:00,OFCL,Mauritius,MUS,28321.0,,132.0,,{0: 28321},,28321.0,,0.0,,0.0,,0.0,,0.0,,0.0,
1981,SH281981,NONAME,1981-04-06 00:00,1981-04-14 12:00,OFCL,Reunion,REU,303.0,,45.94,,{0: 303},,303.0,,0.0,,0.0,,0.0,,0.0,,0.0,
1982,SH081982,NONAME,1982-01-06 00:00,1982-01-21 00:00,OFCL,Mauritius,MUS,44652.0,,34244275.57,,{3: 44652},,0.0,,0.0,,0.0,,44652.0,,0.0,,0.0,
1982,SH161982,NONAME,1982-01-30 00:00,1982-02-06 12:00,OFCL,Madagascar,MDG,9669780.0,,3883000.78,,"{0: 3233029, 1: 6418542, 2: 18209}",,3233029.0,,6418542.0,,18209.0,,0.0,,0.0,,0.0,
1982,SH161982,NONAME,1982-01-30 00:00,1982-02-06 12:00,OFCL,Mozambique,MOZ,1152633.0,,37438.52,,"{0: 1126513, 1: 26120}",,1126513.0,,26120.0,,0.0,,0.0,,0.0,,0.0,
1982,SH201982,NONAME,1982-02-22 12:00,1982-02-25 12:00,OFCL,Madagascar,MDG,328514.0,,31548.07,,{0: 328514},,328514.0,,0.0,,0.0,,0.0,,0.0,,0.0,
1982,SH241982,NONAME,1982-03-16 06:00,1982-03-25 18:00,OFCL,Madagascar,MDG,14257807.0,,160339548.9,,"{0: 4808846, 1: 4909788, 2: 2638466, 3: 1900697, 4: 10}",,4808846.0,,4909788.0,,2638466.0,,1900697.0,,10.0,,0.0,
1982,SH241982,NONAME,1982-03-16 06:00,1982-03-25 18:00,OFCL,Mozambique,MOZ,7595428.0,,32165379.03,,"{0: 3798319, 1: 2687378, 2: 891116, 3: 218615}",,3798319.0,,2687378.0,,891116.0,,218615.0,,0.0,,0.0,
1983,SH041983,NONAME,1982-11-29 12:00,1982-12-06 00:00,OFCL,Mauritius,MUS,28139.0,,432032.97,,{0: 28139},,28139.0,,0.0,,0.0,,0.0,,0.0,,0.0,
1983,SH081983,NONAME,1983-01-10 00:00,1983-01-16 12:00,OFCL,Comoros,COM,892811.0,,5935619.47,,"{1: 607028, 2: 285783}",,0.0,,607028.0,,285783.0,,0.0,,0.0,,0.0,
1983,SH081983,NONAME,1983-01-10 00:00,1983-01-16 12:00,OFCL,Madagascar,MDG,4058.0,,54.95,,{0: 4058},,4058.0,,0.0,,0.0,,0.0,,0.0,,0.0,
1983,SH081983,NONAME,1983-01-10 00:00,1983-01-16 12:00,OFCL,Mozambique,MOZ,8958736.0,,70073445.93,,"{0: 2475365, 1: 3526227, 2: 2496891, 3: 460253}",,2475365.0,,3526227.0,,2496891.0,,460253.0,,0.0,,0.0,
1983,SH081983,NONAME,1983-01-10 00:00,1983-01-16 12:00,OFCL,Mayotte,MYT,271.0,,0.93,,{0: 271},,271.0,,0.0,,0.0,,0.0,,0.0,,0.0,
1984,SH071984,NONAME,1983-12-05 18:00,1983-12-16 06:00,OFCL,Comoros,COM,169837.0,,203438.66,,"{0: 105843, 1: 63994}",,105843.0,,63994.0,,0.0,,0.0,,0.0,,0.0,
1984,SH071984,NONAME,1983-12-05 18:00,1983-12-16 06:00,OFCL,Madagascar,MDG,16457096.0,,258893214.09,,"{0: 6478657, 1: 6956567, 2: 1601754, 3: 807445, 4: 610878, 5: 1795}",,6478657.0,,6956567.0,,1601754.0,,807445.0,,610878.0,,1795.0,
1984,SH071984,NONAME,1983-12-05 18:00,1983-12-16 06:00,OFCL,Mauritius,MUS,262.0,,526911.24,,{4: 262},,0.0,,0.0,,0.0,,0.0,,262.0,,0.0,
1984,SH071984,NONAME,1983-12-05 18:00,1983-12-16 06:00,OFCL,Mayotte,MYT,270400.0,,25512931.08,,"{1: 87158, 2: 183242}",,0.0,,87158.0,,183242.0,,0.0,,0.0,,0.0,
1984,SH071984,NONAME,1983-12-05 18:00,1983-12-16 06:00,OFCL,Seychelles,SYC,116.0,,236545.16,,"{0: 26, 1: 3, 2: 52, 4: 35}",,26.0,,3.0,,52.0,,0.0,,35.0,,0.0,
1984,SH091984,NONAME,1983-12-19 00:00,1983-12-27 12:00,OFCL,Mauritius,MUS,1246279.0,,693944833.23,,"{2: 45, 3: 1246234}",,0.0,,0.0,,45.0,,1246234.0,,0.0,,0.0,
1984,SH091984,NONAME,1983-12-19 00:00,1983-12-27 12:00,OFCL,Reunion,REU,963140.0,,12733877.74,,"{0: 74604, 1: 886135, 2: 2401}",,74604.0,,886135.0,,2401.0,,0.0,,0.0,,0.0,
1984,SH141984,NONAME,1984-01-19 00:00,1984-01-29 12:00,OFCL,Madagascar,MDG,9799222.0,,2607610.06,,"{0: 7034384, 1: 2764838}",,7034384.0,,2764838.0,,0.0,,0.0,,0.0,,0.0,
1984,SH141984,NONAME,1984-01-19 00:00,1984-01-29 12:00,OFCL,Mozambique,MOZ,6294609.0,,27811880.09,,"{0: 562098, 1: 4387054, 2: 1325799, 3: 19658}",,562098.0,,4387054.0,,1325799.0,,19658.0,,0.0,,0.0,
1984,SH221984,NONAME,1984-02-12 06:00,1984-02-15 06:00,OFCL,Madagascar,MDG,15606.0,,27.79,,{0: 15606},,15606.0,,0.0,,0.0,,0.0,,0.0,,0.0,
1984,SH231984,NONAME,1984-02-12 12:00,1984-02-15 00:00,OFCL,Madagascar,MDG,8649.0,,3.8,,{0: 8649},,8649.0,,0.0,,0.0,,0.0,,0.0,,0.0,
1984,SH321984,NONAME,1984-04-03 18:00,1984-04-15 06:00,OFCL,Comoros,COM,891018.0,,11169007.81,,"{0: 106358, 1: 557630, 2: 188222, 3: 38808}",,106358.0,,557630.0,,188222.0,,38808.0,,0.0,,0.0,
1984,SH321984,NONAME,1984-04-03 18:00,1984-04-15 06:00,OFCL,Madagascar,MDG,9576840.0,,345244112.38,,"{0: 1928909, 1: 3017746, 2: 2149906, 3: 1957584, 4: 515515, 5: 7180}",,1928909.0,,3017746.0,,2149906.0,,1957584.0,,515515.0,,7180.0,
1984,SH321984,NONAME,1984-04-03 18:00,1984-04-15 06:00,OFCL,Mayotte,MYT,270400.0,,268441283.31,,{3: 270400},,0.0,,0.0,,0.0,,270400.0,,0.0,,0.0,
1984,SH321984,NONAME,1984-04-03 18:00,1984-04-15 06:00,OFCL,Seychelles,SYC,35.0,,1.88,,{0: 35},,35.0,,0.0,,0.0,,0.0,,0.0,,0.0,
1985,SH101985,NONAME,1985-01-10 06:00,1985-01-21 18:00,OFCL,Mauritius,MUS,8143.0,,503336.21,,{0: 8143},,8143.0,,0.0,,0.0,,0.0,,0.0,,0.0,
1985,SH101985,NONAME,1985-01-10 06:00,1985-01-21 18:00,OFCL,Reunion,REU,963140.0,,56990536.75,,"{1: 612033, 2: 351107}",,0.0,,612033.0,,351107.0,,0.0,,0.0,,0.0,
1985,SH161985,NONAME,1985-01-26 00:00,1985-02-01 00:00,OFCL,Mauritius,MUS,44652.0,,9208537.11,,"{2: 31222, 3: 13430}",,0.0,,0.0,,31222.0,,13430.0,,0.0,,0.0,
1985,SH191985,NONAME,1985-02-05 06:00,1985-02-11 06:00,OFCL,Madagascar,MDG,10441250.0,,4539591.58,,"{0: 3345649, 1: 7089615, 2: 5986}",,3345649.0,,7089615.0,,5986.0,,0.0,,0.0,,0.0,
1985,SH211985,NONAME,1985-02-13 00:00,1985-02-26 00:00,OFCL,Madagascar,MDG,5158679.0,,384745.13,,"{0: 4596986, 1: 561693}",,4596986.0,,561693.0,,0.0,,0.0,,0.0,,0.0,
1985,SH211985,NONAME,1985-02-13 00:00,1985-02-26 00:00,OFCL,Reunion,REU,94.0,,7835.49,,{0: 94},,94.0,,0.0,,0.0,,0.0,,0.0,,0.0,
1985,SH231985,NONAME,1985-02-13 12:00,1985-02-19 00:00,OFCL,Comoros,COM,876321.0,,1975084.69,,"{0: 462839, 1: 377547, 2: 35935}",,462839.0,,377547.0,,35935.0,,0.0,,0.0,,0.0,
1985,SH231985,NONAME,1985-02-13 12:00,1985-02-19 00:00,OFCL,Madagascar,MDG,2307581.0,,388578.36,,"{0: 1326450, 1: 981131}",,1326450.0,,981131.0,,0.0,,0.0,,0.0,,0.0,
1985,SH231985,NONAME,1985-02-13 12:00,1985-02-19 00:00,OFCL,Mayotte,MYT,270400.0,,4216080.05,,{1: 270400},,0.0,,270400.0,,0.0,,0.0,,0.0,,0.0,
1985,SH331985,NONAME,1985-04-10 12:00,1985-04-19 00:00,OFCL,Madagascar,MDG,3721.0,,0.65,,{0: 3721},,3721.0,,0.0,,0.0,,0.0,,0.0,,0.0,
1985,SH331985,NONAME,1985-04-10 12:00,1985-04-19 00:00,OFCL,Mauritius,MUS,50669.0,,25204392.22,,"{0: 6017, 3: 44652}",,6017.0,,0.0,,0.0,,44652.0,,0.0,,0.0,
1986,SH041986,NONAME,1986-01-06 12:00,1986-01-10 00:00,OFCL,Mozambique,MOZ,3931417.0,,1767917.22,,"{0: 2562921, 1: 1355364, 2: 13132}",,2562921.0,,1355364.0,,13132.0,,0.0,,0.0,,0.0,
1986,SH061986,NONAME,1986-01-07 06:00,1986-01-15 18:00,OFCL,Mauritius,MUS,44914.0,,1385971.35,,"{1: 26403, 2: 18511}",,0.0,,26403.0,,18511.0,,0.0,,0.0,,0.0,
1986,SH131986,NONAME,1986-01-30 00:00,1986-02-11 00:00,OFCL,Reunion,REU,963140.0,,19169947.95,,"{0: 29829, 1: 916692, 2: 16619}",,29829.0,,916692.0,,16619.0,,0.0,,0.0,,0.0,
1986,SH251986,NONAME,1986-03-07 12:00,1986-03-20 00:00,OFCL,Madagascar,MDG,15801886.0,,512922568.42,,"{0: 3155257, 1: 2951979, 2: 2808715, 3: 6549479, 4: 336456}",,3155257.0,,2951979.0,,2808715.0,,6549479.0,,336456.0,,0.0,
1986,SH271986,NONAME,1986-03-25 12:00,1986-04-02 00:00,OFCL,Mauritius,MUS,44652.0,,13102.95,,{0: 44652},,44652.0,,0.0,,0.0,,0.0,,0.0,,0.0,
1987,SH171987,NONAME,1987-02-10 12:00,1987-02-16 00:00,OFCL,Mauritius,MUS,671031.0,,586366.34,,"{0: 635261, 1: 35770}",,635261.0,,35770.0,,0.0,,0.0,,0.0,,0.0,
1987,SH171987,NONAME,1987-02-10 12:00,1987-02-16 00:00,OFCL,Reunion,REU,963140.0,,18926006.33,,"{0: 2711, 1: 954953, 2: 5476}",,2711.0,,954953.0,,5476.0,,0.0,,0.0,,0.0,
1987,SH241987,NONAME,1987-04-22 06:00,1987-04-26 18:00,OFCL,Madagascar,MDG,28190.0,,44.54,,{0: 28190},,28190.0,,0.0,,0.0,,0.0,,0.0,,0.0,
1988,SH021988,NONAME,1987-11-20 18:00,1987-11-26 06:00,OFCL,Comoros,COM,209241.0,,5153.09,,{0: 209241},,209241.0,,0.0,,0.0,,0.0,,0.0,,0.0,
1988,SH021988,NONAME,1987-11-20 18:00,1987-11-26 06:00,OFCL,Mozambique,MOZ,2033165.0,,305577.94,,"{0: 1355456, 1: 677709}",,1355456.0,,677709.0,,0.0,,0.0,,0.0,,0.0,
1988,SH021988,NONAME,1987-11-20 18:00,1987-11-26 06:00,OFCL,Tanzania,TZA,3754.0,,0.58,,{0: 3754},,3754.0,,0.0,,0.0,,0.0,,0.0,,0.0,
1988,SH051988,NONAME,1987-12-24 06:00,1988-01-01 12:00,OFCL,Madagascar,MDG,57553.0,,23893.03,,{0: 57553},,57553.0,,0.0,,0.0,,0.0,,0.0,,0.0,
1988,SH081988,NONAME,1988-01-11 18:00,1988-01-18 18:00,OFCL,Madagascar,MDG,12174452.0,,22405117.89,,"{0: 7208289, 1: 3879439, 2: 1007870, 3: 78854}",,7208289.0,,3879439.0,,1007870.0,,78854.0,,0.0,,0.0,
1988,SH091988,NONAME,1988-01-21 00:00,1988-02-01 12:00,OFCL,Madagascar,MDG,5295630.0,,5306497.29,,"{0: 3002611, 1: 2075781, 2: 217238}",,3002611.0,,2075781.0,,217238.0,,0.0,,0.0,,0.0,
1988,SH091988,NONAME,1988-01-21 00:00,1988-02-01 12:00,OFCL,Mozambique,MOZ,515558.0,,22842.57,,{0: 515558},,515558.0,,0.0,,0.0,,0.0,,0.0,,0.0,
1988,SH141988,NONAME,1988-02-24 06:00,1988-03-02 06:00,OFCL,Madagascar,MDG,1516126.0,,60034.51,,"{0: 1459462, 1: 56664}",,1459462.0,,56664.0,,0.0,,0.0,,0.0,,0.0,
1988,SH141988,NONAME,1988-02-24 06:00,1988-03-02 06:00,OFCL,Mozambique,MOZ,10923839.0,,161958766.9,,"{0: 4696326, 1: 3686001, 2: 1287584, 3: 1207614, 4: 46314}",,4696326.0,,3686001.0,,1287584.0,,1207614.0,,46314.0,,0.0,
1988,SH161988,NONAME,1988-03-12 00:00,1988-03-24 00:00,OFCL,Mauritius,MUS,4599.0,,5555.94,,{0: 4599},,4599.0,,0.0,,0.0,,0.0,,0.0,,0.0,
1988,SH171988,NONAME,1988-03-17 00:00,1988-03-20 18:00,OFCL,Madagascar,MDG,15202.0,,8.44,,{0: 15202},,15202.0,,0.0,,0.0,,0.0,,0.0,,0.0,
1988,SH171988,NONAME,1988-03-17 00:00,1988-03-20 18:00,OFCL,Seychelles,SYC,43.0,,234.36,,"{0: 35, 1: 8}",,35.0,,8.0,,0.0,,0.0,,0.0,,0.0,
1988,SH181988,NONAME,1988-03-25 00:00,1988-04-01 06:00,OFCL,Madagascar,MDG,2417503.0,,276155.28,,"{0: 2225267, 1: 192236}",,2225267.0,,192236.0,,0.0,,0.0,,0.0,,0.0,
1989,SH061989,NONAME,1989-01-06 06:00,1989-01-15 06:00,OFCL,Madagascar,MDG,13768935.0,,138837918.58,,"{0: 3321490, 1: 7760933, 2: 1501456, 3: 1184843, 4: 213}",,3321490.0,,7760933.0,,1501456.0,,1184843.0,,213.0,,0.0,
1989,SH061989,NONAME,1989-01-06 06:00,1989-01-15 06:00,OFCL,Mozambique,MOZ,5593668.0,,2213041.71,,"{0: 2763861, 1: 2829807}",,2763861.0,,2829807.0,,0.0,,0.0,,0.0,,0.0,
1989,SH081989,NONAME,1989-01-24 06:00,1989-02-01 06:00,OFCL,Mauritius,MUS,1252076.0,,1260266316.97,,"{0: 5797, 3: 1245713, 4: 566}",,5797.0,,0.0,,0.0,,1245713.0,,566.0,,0.0,
1989,SH081989,NONAME,1989-01-24 06:00,1989-02-01 06:00,OFCL,Reunion,REU,963140.0,,2606954410.34,,"{3: 939123, 4: 23987, 5: 30}",,0.0,,0.0,,0.0,,939123.0,,23987.0,,30.0,
1989,SH181989,NONAME,1989-03-07 12:00,1989-03-11 12:00,OFCL,Madagascar,MDG,1241546.0,,74583.0,,"{0: 1145438, 1: 96108}",,1145438.0,,96108.0,,0.0,,0.0,,0.0,,0.0,
1989,SH191989,NONAME,1989-03-21 06:00,1989-03-31 06:00,OFCL,Madagascar,MDG,15858186.0,,49308494.57,,"{0: 3845371, 1: 9338837, 2: 2511544, 3: 162434}",,3845371.0,,9338837.0,,2511544.0,,162434.0,,0.0,,0.0,
1989,SH211989,NONAME,1989-03-26 12:00,1989-04-09 00:00,OFCL,Mauritius,MUS,1096183.0,,6599596.08,,"{0: 605888, 1: 445643, 2: 44652}",,605888.0,,445643.0,,44652.0,,0.0,,0.0,,0.0,
1989,SH211989,NONAME,1989-03-26 12:00,1989-04-09 00:00,OFCL,Reunion,REU,30133.0,,1487.3,,"{0: 30125, 1: 8}",,30125.0,,8.0,,0.0,,0.0,,0.0,,0.0,
1990,SH081990,NONAME,1989-12-14 18:00,1990-01-05 18:00,OFCL,Madagascar,MDG,19352463.0,,180653416.21,,"{0: 3970834, 1: 9419990, 2: 3936161, 3: 2025478}",,3970834.0,,9419990.0,,3936161.0,,2025478.0,,0.0,,0.0,
1990,SH081990,NONAME,1989-12-14 18:00,1990-01-05 18:00,OFCL,Mauritius,MUS,262.0,,148280.76,,{3: 262},,0.0,,0.0,,0.0,,262.0,,0.0,,0.0,
1990,SH181990,NONAME,1990-02-26 18:00,1990-03-08 06:00,OFCL,Mauritius,MUS,44826.0,,427880.49,,"{0: 174, 1: 44652}",,174.0,,44652.0,,0.0,,0.0,,0.0,,0.0,
1990,SH271990,NONAME,1990-04-10 12:00,1990-04-14 18:00,OFCL,Comoros,COM,27995.0,,2004.25,,{0: 27995},,27995.0,,0.0,,0.0,,0.0,,0.0,,0.0,
1990,SH271990,NONAME,1990-04-10 12:00,1990-04-14 18:00,OFCL,Madagascar,MDG,3167814.0,,1871171.82,,"{0: 1779954, 1: 1373252, 2: 14608}",,1779954.0,,1373252.0,,14608.0,,0.0,,0.0,,0.0,
1990,SH271990,NONAME,1990-04-10 12:00,1990-04-14 18:00,OFCL,Mayotte,MYT,8908.0,,454.19,,{0: 8908},,8908.0,,0.0,,0.0,,0.0,,0.0,,0.0,
1990,SH271990,NONAME,1990-04-10 12:00,1990-04-14 18:00,OFCL,Seychelles,SYC,26.0,,1.58,,{0: 26},,26.0,,0.0,,0.0,,0.0,,0.0,,0.0,
1990,SH291990,NONAME,1990-05-09 18:00,1990-05-23 18:00,OFCL,Mauritius,MUS,262.0,,1495.09,,{1: 262},,0.0,,262.0,,0.0,,0.0,,0.0,,0.0,
1990,SH291990,NONAME,1990-05-09 18:00,1990-05-23 18:00,OFCL,Seychelles,SYC,343.0,,61145.54,,"{1: 246, 2: 97}",,0.0,,246.0,,97.0,,0.0,,0.0,,0.0,
1991,SH081991,NONAME,1991-01-13 00:00,1991-02-04 18:00,OFCL,Mauritius,MUS,47225.0,,147309491.2,,"{0: 2573, 4: 44652}",,2573.0,,0.0,,0.0,,0.0,,44652.0,,0.0,
1991,SH101991,NONAME,1991-02-16 00:00,1991-02-18 06:00,OFCL,Madagascar,MDG,8410601.0,,13359356.62,,"{0: 3917488, 1: 3682101, 2: 811012}",,3917488.0,,3682101.0,,811012.0,,0.0,,0.0,,0.0,
1991,SH101991,NONAME,1991-02-16 00:00,1991-02-18 06:00,OFCL,Mozambique,MOZ,129262.0,,201.07,,{0: 129262},,129262.0,,0.0,,0.0,,0.0,,0.0,,0.0,
1992,SH021992,NONAME,1991-10-11 12:00,1991-10-21 06:00,OFCL,Madagascar,MDG,145133.0,,964.67,,{0: 145133},,145133.0,,0.0,,0.0,,0.0,,0.0,,0.0,
1992,SH101992,NONAME,1991-12-30 18:00,1992-01-02 18:00,OFCL,Madagascar,MDG,1746169.0,,329589.34,,"{0: 1382080, 1: 364089}",,1382080.0,,364089.0,,0.0,,0.0,,0.0,,0.0,
1993,SH041993,NONAME,1992-11-26 00:00,1992-12-11 00:00,OFCL,Seychelles,SYC,111.0,,93.5,,{0: 111},,111.0,,0.0,,0.0,,0.0,,0.0,,0.0,
1993,SH101993,NONAME,1993-01-11 12:00,1993-01-21 12:00,OFCL,Mauritius,MUS,1246279.0,,2181404.55,,"{0: 35803, 1: 1210476}",,35803.0,,1210476.0,,0.0,,0.0,,0.0,,0.0,
1993,SH101993,NONAME,1993-01-11 12:00,1993-01-21 12:00,OFCL,Reunion,REU,963140.0,,3879276029.77,,"{3: 507254, 4: 455761, 5: 125}",,0.0,,0.0,,0.0,,507254.0,,455761.0,,125.0,
1993,SH111993,NONAME,1993-01-16 12:00,1993-01-21 00:00,OFCL,Madagascar,MDG,1344296.0,,984468.25,,"{0: 1031095, 1: 313201}",,1031095.0,,313201.0,,0.0,,0.0,,0.0,,0.0,
1993,SH121993,NONAME,1993-01-16 00:00,1993-01-30 00:00,OFCL,Mauritius,MUS,407277.0,,527182.99,,"{0: 403979, 1: 3298}",,403979.0,,3298.0,,0.0,,0.0,,0.0,,0.0,
1993,SH121993,NONAME,1993-01-16 00:00,1993-01-30 00:00,OFCL,Reunion,REU,23.0,,11823.99,,{0: 23},,23.0,,0.0,,0.0,,0.0,,0.0,,0.0,
1994,SH031994,NONAME,1993-12-11 00:00,1993-12-21 12:00,OFCL,Mauritius,MUS,197263.0,,136753.64,,{0: 197263},,197263.0,,0.0,,0.0,,0.0,,0.0,,0.0,
1994,SH031994,NONAME,1993-12-11 00:00,1993-12-21 12:00,OFCL,Reunion,REU,71173.0,,5120.58,,"{0: 70893, 1: 280}",,70893.0,,280.0,,0.0,,0.0,,0.0,,0.0,
1994,SH081994,NONAME,1994-01-08 12:00,1994-01-16 06:00,OFCL,Madagascar,MDG,17222409.0,,665823226.37,,"{0: 2175731, 1: 3861808, 2: 4441920, 3: 5956616, 4: 786334}",,2175731.0,,3861808.0,,4441920.0,,5956616.0,,786334.0,,0.0,
1994,SH081994,NONAME,1994-01-08 12:00,1994-01-16 06:00,OFCL,Reunion,REU,9601.0,,3560608.75,,{0: 9601},,9601.0,,0.0,,0.0,,0.0,,0.0,,0.0,
1994,SH131994,NONAME,1994-01-25 12:00,1994-02-05 00:00,OFCL,Madagascar,MDG,16469947.0,,949906113.64,,"{0: 3351723, 1: 3041221, 2: 2310598, 3: 6550494, 4: 1173900, 5: 42011}",,3351723.0,,3041221.0,,2310598.0,,6550494.0,,1173900.0,,42011.0,
1994,SH151994,NONAME,1994-02-05 06:00,1994-02-14 12:00,OFCL,Mauritius,MUS,1246279.0,,2511019495.23,,"{3: 218368, 4: 1027911}",,0.0,,0.0,,0.0,,218368.0,,1027911.0,,0.0,
1994,SH151994,NONAME,1994-02-05 06:00,1994-02-14 12:00,OFCL,Reunion,REU,963140.0,,3255797710.27,,"{3: 641645, 4: 321414, 5: 81}",,0.0,,0.0,,0.0,,641645.0,,321414.0,,81.0,
1994,SH161994,NONAME,1994-02-06 00:00,1994-02-19 18:00,OFCL,Mauritius,MUS,44652.0,,1085431.03,,"{1: 44473, 2: 179}",,0.0,,44473.0,,179.0,,0.0,,0.0,,0.0,
1994,SH191994,NONAME,1994-03-05 18:00,1994-03-10 18:00,OFCL,Madagascar,MDG,22272.0,,73.23,,{0: 22272},,22272.0,,0.0,,0.0,,0.0,,0.0,,0.0,
1994,SH191994,NONAME,1994-03-05 18:00,1994-03-10 18:00,OFCL,Reunion,REU,3104.0,,134.04,,{0: 3104},,3104.0,,0.0,,0.0,,0.0,,0.0,,0.0,
1994,SH201994,NONAME,1994-03-05 00:00,1994-03-17 18:00,OFCL,Madagascar,MDG,16764740.0,,855658829.73,,"{0: 3100479, 1: 3261680, 2: 2610726, 3: 6685021, 4: 1074031, 5: 32803}",,3100479.0,,3261680.0,,2610726.0,,6685021.0,,1074031.0,,32803.0,
1994,SH201994,NONAME,1994-03-05 00:00,1994-03-17 18:00,OFCL,Mauritius,MUS,507131.0,,9552807.41,,"{0: 462730, 1: 44401}",,462730.0,,44401.0,,0.0,,0.0,,0.0,,0.0,
1994,SH201994,NONAME,1994-03-05 00:00,1994-03-17 18:00,OFCL,Reunion,REU,92541.0,,5666282.8,,"{0: 91985, 1: 556}",,91985.0,,556.0,,0.0,,0.0,,0.0,,0.0,
1994,SH231994,NONAME,1994-03-17 18:00,1994-04-02 00:00,OFCL,Comoros,COM,675502.0,,221142.63,,"{0: 309221, 1: 366281}",,309221.0,,366281.0,,0.0,,0.0,,0.0,,0.0,
1994,SH231994,NONAME,1994-03-17 18:00,1994-04-02 00:00,OFCL,Madagascar,MDG,7679178.0,,325056811.02,,"{0: 2150440, 1: 2762638, 2: 854712, 3: 1381288, 4: 521879, 5: 8221}",,2150440.0,,2762638.0,,854712.0,,1381288.0,,521879.0,,8221.0,
1994,SH231994,NONAME,1994-03-17 18:00,1994-04-02 00:00,OFCL,Mozambique,MOZ,11176305.0,,244982469.8,,"{0: 2589643, 1: 3707689, 2: 2657133, 3: 2212565, 4: 9275}",,2589643.0,,3707689.0,,2657133.0,,2212565.0,,9275.0,,0.0,
1994,SH231994,NONAME,1994-03-17 18:00,1994-04-02 00:00,OFCL,Mauritius,MUS,248.0,,2.13,,{0: 248},,248.0,,0.0,,0.0,,0.0,,0.0,,0.0,
1994,SH231994,NONAME,1994-03-17 18:00,1994-04-02 00:00,OFCL,Mayotte,MYT,270400.0,,3122565.2,,"{1: 264065, 2: 6335}",,0.0,,264065.0,,6335.0,,0.0,,0.0,,0.0,
1994,SH261994,NONAME,1994-03-26 18:00,1994-04-14 06:00,OFCL,Mauritius,MUS,44652.0,,6576247.55,,{2: 44652},,0.0,,0.0,,44652.0,,0.0,,0.0,,0.0,
1995,SH021995,NONAME,1994-11-21 06:00,1994-12-02 06:00,OFCL,Mauritius,MUS,44652.0,,9220187.66,,"{2: 32921, 3: 11731}",,0.0,,0.0,,32921.0,,11731.0,,0.0,,0.0,
1995,SH061995,NONAME,1994-12-30 12:00,1995-01-06 12:00,OFCL,Mauritius,MUS,667440.0,,204411.29,,"{0: 572721, 1: 94719}",,572721.0,,94719.0,,0.0,,0.0,,0.0,,0.0,
1995,SH071995,NONAME,1995-01-04 18:00,1995-01-09 18:00,OFCL,Mauritius,MUS,179781.0,,4925.33,,{0: 179781},,179781.0,,0.0,,0.0,,0.0,,0.0,,0.0,
1995,SH081995,NONAME,1995-01-16 18:00,1995-01-30 12:00,OFCL,Mauritius,MUS,44006.0,,5480.65,,{0: 44006},,44006.0,,0.0,,0.0,,0.0,,0.0,,0.0,
1995,SH091995,NONAME,1995-01-19 12:00,1995-01-27 06:00,OFCL,Madagascar,MDG,68507.0,,40974.24,,{0: 68507},,68507.0,,0.0,,0.0,,0.0,,0.0,,0.0,
1995,SH091995,NONAME,1995-01-19 12:00,1995-01-27 06:00,OFCL,Mozambique,MOZ,69.0,,2550.93,,{0: 69},,69.0,,0.0,,0.0,,0.0,,0.0,,0.0,
1995,SH131995,NONAME,1995-02-21 18:00,1995-03-02 00:00,OFCL,Mauritius,MUS,1246279.0,,5098424.28,,"{0: 1273, 1: 1243657, 2: 1349}",,1273.0,,1243657.0,,1349.0,,0.0,,0.0,,0.0,
1995,SH131995,NONAME,1995-02-21 18:00,1995-03-02 00:00,OFCL,Reunion,REU,368.0,,241185.65,,{0: 368},,368.0,,0.0,,0.0,,0.0,,0.0,,0.0,
1995,SH161995,NONAME,1995-03-04 18:00,1995-03-12 18:00,OFCL,Comoros,COM,892811.0,,2763655.82,,"{0: 65120, 1: 759419, 2: 68272}",,65120.0,,759419.0,,68272.0,,0.0,,0.0,,0.0,
1995,SH161995,NONAME,1995-03-04 18:00,1995-03-12 18:00,OFCL,Madagascar,MDG,2916603.0,,1049053.94,,"{0: 1922190, 1: 994207, 2: 206}",,1922190.0,,994207.0,,206.0,,0.0,,0.0,,0.0,
1995,SH161995,NONAME,1995-03-04 18:00,1995-03-12 18:00,OFCL,Mozambique,MOZ,1157162.0,,26044.42,,{0: 1157162},,1157162.0,,0.0,,0.0,,0.0,,0.0,,0.0,
1995,SH161995,NONAME,1995-03-04 18:00,1995-03-12 18:00,OFCL,Mayotte,MYT,270400.0,,1117982.88,,"{0: 38672, 1: 231728}",,38672.0,,231728.0,,0.0,,0.0,,0.0,,0.0,
1995,SH171995,NONAME,1995-03-04 18:00,1995-03-15 06:00,OFCL,Mauritius,MUS,1246279.0,,23373078.48,,"{1: 925496, 2: 320783}",,0.0,,925496.0,,320783.0,,0.0,,0.0,,0.0,
1995,SH171995,NONAME,1995-03-04 18:00,1995-03-15 06:00,OFCL,Reunion,REU,963140.0,,310710276.23,,"{2: 830745, 3: 132395}",,0.0,,0.0,,830745.0,,132395.0,,0.0,,0.0,
1996,SH061996,NONAME,1995-12-31 18:00,1996-01-15 06:00,OFCL,Madagascar,MDG,18586286.0,,1793882297.19,,"{0: 2953687, 1: 3147489, 2: 4144534, 3: 5982751, 4: 1346957, 5: 1010868}",,2953687.0,,3147489.0,,4144534.0,,5982751.0,,1346957.0,,1010868.0,
1996,SH061996,NONAME,1995-12-31 18:00,1996-01-15 06:00,OFCL,Mozambique,MOZ,12754019.0,,172173610.54,,"{0: 4171907, 1: 5018733, 2: 1878992, 3: 1684387}",,4171907.0,,5018733.0,,1878992.0,,1684387.0,,0.0,,0.0,
1996,SH061996,NONAME,1995-12-31 18:00,1996-01-15 06:00,OFCL,Mauritius,MUS,1245631.0,,7160182.26,,"{0: 58936, 1: 1186695}",,58936.0,,1186695.0,,0.0,,0.0,,0.0,,0.0,
1996,SH061996,NONAME,1995-12-31 18:00,1996-01-15 06:00,OFCL,Reunion,REU,541286.0,,4737512.89,,"{0: 389652, 1: 151634}",,389652.0,,151634.0,,0.0,,0.0,,0.0,,0.0,
1996,SH141996,NONAME,1996-02-11 18:00,1996-02-19 12:00,OFCL,Comoros,COM,892811.0,,321064346.12,,"{2: 53253, 3: 687922, 4: 151636}",,0.0,,0.0,,53253.0,,687922.0,,151636.0,,0.0,
1996,SH141996,NONAME,1996-02-11 18:00,1996-02-19 12:00,OFCL,Madagascar,MDG,4461718.0,,2792042.69,,"{0: 2900584, 1: 1461402, 2: 99732}",,2900584.0,,1461402.0,,99732.0,,0.0,,0.0,,0.0,
1996,SH141996,NONAME,1996-02-11 18:00,1996-02-19 12:00,OFCL,Mozambique,MOZ,423210.0,,48903.9,,"{0: 367374, 1: 55836}",,367374.0,,55836.0,,0.0,,0.0,,0.0,,0.0,
1996,SH141996,NONAME,1996-02-11 18:00,1996-02-19 12:00,OFCL,Mayotte,MYT,270400.0,,2400228.8,,{1: 270400},,0.0,,270400.0,,0.0,,0.0,,0.0,,0.0,
1996,SH141996,NONAME,1996-02-11 18:00,1996-02-19 12:00,OFCL,Seychelles,SYC,135.0,,12.84,,{0: 135},,135.0,,0.0,,0.0,,0.0,,0.0,,0.0,
1996,SH141996,NONAME,1996-02-11 18:00,1996-02-19 12:00,OFCL,Tanzania,TZA,232155.0,,7647.59,,"{0: 221418, 1: 10737}",,221418.0,,10737.0,,0.0,,0.0,,0.0,,0.0,
1996,SH161996,NONAME,1996-02-18 00:00,1996-02-29 18:00,OFCL,Madagascar,MDG,17925308.0,,645313086.28,,"{0: 2712075, 1: 3837538, 2: 6855552, 3: 3517406, 4: 1002737}",,2712075.0,,3837538.0,,6855552.0,,3517406.0,,1002737.0,,0.0,
1996,SH161996,NONAME,1996-02-18 00:00,1996-02-29 18:00,OFCL,Reunion,REU,596.0,,12793.52,,{0: 596},,596.0,,0.0,,0.0,,0.0,,0.0,,0.0,
1996,SH171996,NONAME,1996-02-26 00:00,1996-03-04 12:00,OFCL,Mauritius,MUS,71922.0,,34424204.9,,"{0: 27270, 3: 44652}",,27270.0,,0.0,,0.0,,44652.0,,0.0,,0.0,
1996,SH171996,NONAME,1996-02-26 00:00,1996-03-04 12:00,OFCL,Reunion,REU,23.0,,34926.89,,{0: 23},,23.0,,0.0,,0.0,,0.0,,0.0,,0.0,
1996,SH241996,NONAME,1996-04-02 00:00,1996-04-11 06:00,OFCL,Mauritius,MUS,45295.0,,57392211.74,,"{0: 643, 3: 42418, 4: 2234}",,643.0,,0.0,,0.0,,42418.0,,2234.0,,0.0,
1996,SH241996,NONAME,1996-04-02 00:00,1996-04-11 06:00,OFCL,Reunion,REU,2311.0,,77.71,,{0: 2311},,2311.0,,0.0,,0.0,,0.0,,0.0,,0.0,
1996,SH261996,NONAME,1996-04-06 12:00,1996-04-18 12:00,OFCL,Mauritius,MUS,110402.0,,2373174.42,,{0: 110402},,110402.0,,0.0,,0.0,,0.0,,0.0,,0.0,
1996,SH261996,NONAME,1996-04-06 12:00,1996-04-18 12:00,OFCL,Reunion,REU,2846.0,,918647.13,,{0: 2846},,2846.0,,0.0,,0.0,,0.0,,0.0,,0.0,
1997,SH081997,NONAME,1996-12-01 12:00,1996-12-10 06:00,OFCL,Mauritius,MUS,1246279.0,,520762903.78,,"{2: 103562, 3: 1142717}",,0.0,,0.0,,103562.0,,1142717.0,,0.0,,0.0,
1997,SH081997,NONAME,1996-12-01 12:00,1996-12-10 06:00,OFCL,Reunion,REU,963140.0,,19785865.54,,"{1: 939391, 2: 23749}",,0.0,,939391.0,,23749.0,,0.0,,0.0,,0.0,
1997,SH141997,NONAME,1996-12-25 18:00,1997-01-09 00:00,OFCL,Madagascar,MDG,15311182.0,,30051468.71,,"{0: 7673218, 1: 6063156, 2: 1534832, 3: 39976}",,7673218.0,,6063156.0,,1534832.0,,39976.0,,0.0,,0.0,
1997,SH201997,NONAME,1997-01-18 00:00,1997-01-31 18:00,OFCL,Madagascar,MDG,11927270.0,,1784602236.58,,"{0: 2307384, 1: 2239984, 2: 2521505, 3: 2194844, 4: 1440852, 5: 1222701}",,2307384.0,,2239984.0,,2521505.0,,2194844.0,,1440852.0,,1222701.0,
1997,SH201997,NONAME,1997-01-18 00:00,1997-01-31 18:00,OFCL,Mozambique,MOZ,1946600.0,,130418.95,,"{0: 1803632, 1: 142968}",,1803632.0,,142968.0,,0.0,,0.0,,0.0,,0.0,
1997,SH201997,NONAME,1997-01-18 00:00,1997-01-31 18:00,OFCL,Reunion,REU,314170.0,,848232.82,,"{0: 271335, 1: 42835}",,271335.0,,42835.0,,0.0,,0.0,,0.0,,0.0,
1997,SH231997,NONAME,1997-02-01 00:00,1997-02-17 06:00,OFCL,Madagascar,MDG,8208210.0,,16486921.42,,"{0: 3307666, 1: 3924301, 2: 964860, 3: 11383}",,3307666.0,,3924301.0,,964860.0,,11383.0,,0.0,,0.0,
1997,SH251997,NONAME,1997-02-11 00:00,1997-02-26 06:00,OFCL,Mauritius,MUS,49041.0,,3652215.9,,"{0: 4389, 2: 44652}",,4389.0,,0.0,,44652.0,,0.0,,0.0,,0.0,
1997,SH301997,NONAME,1997-02-25 18:00,1997-03-02 18:00,OFCL,Mozambique,MOZ,7117656.0,,130970275.93,,"{0: 1911680, 1: 2292508, 2: 2051982, 3: 861486}",,1911680.0,,2292508.0,,2051982.0,,861486.0,,0.0,,0.0,
1998,SH131998,NONAME,1998-01-17 06:00,1998-01-23 00:00,OFCL,Madagascar,MDG,1722034.0,,301117.37,,"{0: 1241584, 1: 480450}",,1241584.0,,480450.0,,0.0,,0.0,,0.0,,0.0,
1998,SH131998,NONAME,1998-01-17 06:00,1998-01-23 00:00,OFCL,Mozambique,MOZ,6843190.0,,1155181.45,,"{0: 5062906, 1: 1780284}",,5062906.0,,1780284.0,,0.0,,0.0,,0.0,,0.0,
1998,SH201998,NONAME,1998-02-05 00:00,1998-02-13 18:00,OFCL,Mauritius,MUS,1246279.0,,5851180.38,,"{0: 2782, 1: 1241914, 2: 1583}",,2782.0,,1241914.0,,1583.0,,0.0,,0.0,,0.0,
1998,SH201998,NONAME,1998-02-05 00:00,1998-02-13 18:00,OFCL,Reunion,REU,23.0,,21000.36,,{0: 23},,23.0,,0.0,,0.0,,0.0,,0.0,,0.0,
1998,SH211998,NONAME,1998-02-01 00:00,1998-02-10 00:00,OFCL,Madagascar,MDG,8328943.0,,704964.64,,"{0: 7513001, 1: 815942}",,7513001.0,,815942.0,,0.0,,0.0,,0.0,,0.0,
1998,SH211998,NONAME,1998-02-01 00:00,1998-02-10 00:00,OFCL,Mozambique,MOZ,14694.0,,435.71,,{0: 14694},,14694.0,,0.0,,0.0,,0.0,,0.0,,0.0,
1998,SH231998,NONAME,1998-02-12 18:00,1998-02-18 18:00,OFCL,Madagascar,MDG,2347615.0,,1473301.0,,"{0: 1090971, 1: 1249592, 2: 7052}",,1090971.0,,1249592.0,,7052.0,,0.0,,0.0,,0.0,
1999,SH171999,NONAME,1999-01-29 06:00,1999-02-05 06:00,OFCL,Mauritius,MUS,55405.0,,210269.12,,{0: 55405},,55405.0,,0.0,,0.0,,0.0,,0.0,,0.0,
1999,SH211999,NONAME,1999-02-12 12:00,1999-02-16 18:00,OFCL,Mozambique,MOZ,125912.0,,33984.79,,{0: 125912},,125912.0,,0.0,,0.0,,0.0,,0.0,,0.0,
1999,SH231999,NONAME,1999-02-24 18:00,1999-03-01 12:00,OFCL,Madagascar,MDG,1417788.0,,66246.32,,"{0: 1351045, 1: 66743}",,1351045.0,,66743.0,,0.0,,0.0,,0.0,,0.0,
1999,SH231999,NONAME,1999-02-24 18:00,1999-03-01 12:00,OFCL,Mozambique,MOZ,85947.0,,656.59,,{0: 85947},,85947.0,,0.0,,0.0,,0.0,,0.0,,0.0,
1999,SH251999,NONAME,1999-03-01 06:00,1999-03-15 06:00,OFCL,Mauritius,MUS,1290931.0,,746691452.32,,"{2: 18497, 3: 1272434}",,0.0,,0.0,,18497.0,,1272434.0,,0.0,,0.0,
1999,SH251999,NONAME,1999-03-01 06:00,1999-03-15 06:00,OFCL,Reunion,REU,963140.0,,1053702139.84,,"{2: 306804, 3: 656007, 4: 329}",,0.0,,0.0,,306804.0,,656007.0,,329.0,,0.0,
2000,SH032000,NONAME,1999-12-23 12:00,2000-01-03 00:00,OFCL,Madagascar,MDG,2782364.0,,4593921.59,,"{0: 825630, 1: 1764202, 2: 192532}",,825630.0,,1764202.0,,192532.0,,0.0,,0.0,,0.0,
2000,SH032000,NONAME,1999-12-23 12:00,2000-01-03 00:00,OFCL,Mozambique,MOZ,75733.0,,185.4,,{0: 75733},,75733.0,,0.0,,0.0,,0.0,,0.0,,0.0,
2000,SH082000,NONAME,2000-01-25 00:00,2000-02-02 12:00,OFCL,Madagascar,MDG,57.0,,27.93,,{0: 57},,57.0,,0.0,,0.0,,0.0,,0.0,,0.0,
2000,SH082000,NONAME,2000-01-25 00:00,2000-02-02 12:00,OFCL,Mauritius,MUS,1207013.0,,880719.85,,"{0: 346919, 1: 860094}",,346919.0,,860094.0,,0.0,,0.0,,0.0,,0.0,
2000,SH082000,NONAME,2000-01-25 00:00,2000-02-02 12:00,OFCL,Reunion,REU,963140.0,,161447470.79,,"{1: 358546, 2: 596079, 3: 8515}",,0.0,,358546.0,,596079.0,,8515.0,,0.0,,0.0,
2000,SH152000,NONAME,2000-02-27 00:00,2000-03-05 12:00,OFCL,Madagascar,MDG,8951949.0,,7604412.02,,"{0: 6248022, 1: 2291013, 2: 412914}",,6248022.0,,2291013.0,,412914.0,,0.0,,0.0,,0.0,
2000,SH212000,NONAME,2000-03-22 18:00,2000-04-09 12:00,OFCL,Madagascar,MDG,14137933.0,,884842290.95,,"{0: 4827230, 1: 4110117, 2: 1856214, 3: 1855770, 4: 1204888, 5: 283714}",,4827230.0,,4110117.0,,1856214.0,,1855770.0,,1204888.0,,283714.0,
2000,SH212000,NONAME,2000-03-22 18:00,2000-04-09 12:00,OFCL,Mozambique,MOZ,15930032.0,,257351159.12,,"{0: 4555004, 1: 5788467, 2: 3763101, 3: 1666390, 4: 157070}",,4555004.0,,5788467.0,,3763101.0,,1666390.0,,157070.0,,0.0,
2000,SH212000,NONAME,2000-03-22 18:00,2000-04-09 12:00,OFCL,Mauritius,MUS,77880.0,,2076042.8,,"{0: 59019, 1: 18861}",,59019.0,,18861.0,,0.0,,0.0,,0.0,,0.0,
2000,SH212000,NONAME,2000-03-22 18:00,2000-04-09 12:00,OFCL,Reunion,REU,2094.0,,480226.5,,{0: 2094},,2094.0,,0.0,,0.0,,0.0,,0.0,,0.0,
2001,SH042001,NONAME,2000-12-31 06:00,2001-01-10 06:00,OFCL,Mauritius,MUS,1800.0,,37166.54,,{0: 1800},,1800.0,,0.0,,0.0,,0.0,,0.0,,0.0,
2001,SH042001,NONAME,2000-12-31 06:00,2001-01-10 06:00,OFCL,Reunion,REU,952779.0,,15944451.07,,"{0: 117286, 1: 832005, 2: 3488}",,117286.0,,832005.0,,3488.0,,0.0,,0.0,,0.0,
2001,SH182001,NONAME,2001-04-03 00:00,2001-04-08 12:00,OFCL,Mauritius,MUS,44652.0,,365651.39,,{1: 44652},,0.0,,44652.0,,0.0,,0.0,,0.0,,0.0,
2001,SH212001,NONAME,2001-06-20 12:00,2001-06-23 06:00,OFCL,Mozambique,MOZ,5825509.0,,3988205.43,,"{0: 803573, 1: 5012587, 2: 9349}",,803573.0,,5012587.0,,9349.0,,0.0,,0.0,,0.0,
2002,SH082002,NONAME,2001-12-30 00:00,2002-01-03 06:00,OFCL,Madagascar,MDG,2584343.0,,4509468.18,,"{0: 1194558, 1: 1165554, 2: 224231}",,1194558.0,,1165554.0,,224231.0,,0.0,,0.0,,0.0,
2002,SH082002,NONAME,2001-12-30 00:00,2002-01-03 06:00,OFCL,Mozambique,MOZ,58570.0,,164.3,,{0: 58570},,58570.0,,0.0,,0.0,,0.0,,0.0,,0.0,
2002,SH102002,NONAME,2002-01-16 12:00,2002-01-25 12:00,OFCL,Mauritius,MUS,1290931.0,,3406262550.91,,"{3: 97154, 4: 1172646, 5: 21131}",,0.0,,0.0,,0.0,,97154.0,,1172646.0,,21131.0,
2002,SH102002,NONAME,2002-01-16 12:00,2002-01-25 12:00,OFCL,Reunion,REU,963140.0,,4925342597.19,,"{3: 478903, 4: 483910, 5: 327}",,0.0,,0.0,,0.0,,478903.0,,483910.0,,327.0,
2002,SH152002,NONAME,2002-02-14 12:00,2002-02-22 18:00,OFCL,Madagascar,MDG,55016.0,,543.25,,{0: 55016},,55016.0,,0.0,,0.0,,0.0,,0.0,,0.0,
2002,SH152002,NONAME,2002-02-14 12:00,2002-02-22 18:00,OFCL,Mauritius,MUS,1140277.0,,1335942.57,,"{0: 363431, 1: 776846}",,363431.0,,776846.0,,0.0,,0.0,,0.0,,0.0,
2002,SH152002,NONAME,2002-02-14 12:00,2002-02-22 18:00,OFCL,Reunion,REU,23.0,,4642.83,,{0: 23},,23.0,,0.0,,0.0,,0.0,,0.0,,0.0,
2002,SH182002,NONAME,2002-03-05 00:00,2002-03-14 00:00,OFCL,Madagascar,MDG,9143946.0,,558669611.99,,"{0: 3269827, 1: 2297476, 2: 1710096, 3: 1238890, 4: 338685, 5: 288972}",,3269827.0,,2297476.0,,1710096.0,,1238890.0,,338685.0,,288972.0,
2002,SH182002,NONAME,2002-03-05 00:00,2002-03-14 00:00,OFCL,Mauritius,MUS,300.0,,2047.84,,"{0: 38, 1: 262}",,38.0,,262.0,,0.0,,0.0,,0.0,,0.0,
2002,SH182002,NONAME,2002-03-05 00:00,2002-03-14 00:00,OFCL,Reunion,REU,9671.0,,6989387.33,,{0: 9671},,9671.0,,0.0,,0.0,,0.0,,0.0,,0.0,
2002,SH182002,NONAME,2002-03-05 00:00,2002-03-14 00:00,OFCL,Seychelles,SYC,43.0,,736.38,,"{0: 8, 1: 35}",,8.0,,35.0,,0.0,,0.0,,0.0,,0.0,
2002,SH232002,NONAME,2002-05-02 06:00,2002-05-11 18:00,OFCL,Madagascar,MDG,3343526.0,,19041115.18,,"{0: 1689497, 1: 783976, 2: 740642, 3: 129411}",,1689497.0,,783976.0,,740642.0,,129411.0,,0.0,,0.0,
2003,SH012003,NONAME,2002-09-05 12:00,2002-09-09 00:00,OFCL,Seychelles,SYC,66222.0,,68130.52,,"{0: 66213, 1: 9}",,66213.0,,9.0,,0.0,,0.0,,0.0,,0.0,
2003,SH022003,NONAME,2002-11-03 06:00,2002-11-13 00:00,OFCL,Comoros,COM,887611.0,,835304.24,,"{0: 217848, 1: 669763}",,217848.0,,669763.0,,0.0,,0.0,,0.0,,0.0,
2003,SH022003,NONAME,2002-11-03 06:00,2002-11-13 00:00,OFCL,Madagascar,MDG,29457.0,,138.78,,{0: 29457},,29457.0,,0.0,,0.0,,0.0,,0.0,,0.0,
2003,SH022003,NONAME,2002-11-03 06:00,2002-11-13 00:00,OFCL,Mozambique,MOZ,203288.0,,14639.0,,"{0: 173551, 1: 29737}",,173551.0,,29737.0,,0.0,,0.0,,0.0,,0.0,
2003,SH022003,NONAME,2002-11-03 06:00,2002-11-13 00:00,OFCL,Tanzania,TZA,908295.0,,38098.03,,"{0: 810594, 1: 97701}",,810594.0,,97701.0,,0.0,,0.0,,0.0,,0.0,
2003,SH052003,NONAME,2002-12-22 06:00,2002-12-29 00:00,OFCL,Mauritius,MUS,56998.0,,1637.39,,{0: 56998},,56998.0,,0.0,,0.0,,0.0,,0.0,,0.0,
2003,SH082003,NONAME,2002-12-30 12:00,2003-01-09 12:00,OFCL,Madagascar,MDG,45271.0,,92.93,,{0: 45271},,45271.0,,0.0,,0.0,,0.0,,0.0,,0.0,
2003,SH082003,NONAME,2002-12-30 12:00,2003-01-09 12:00,OFCL,Mozambique,MOZ,8788202.0,,19897883.39,,"{0: 4599758, 1: 3026974, 2: 1138617, 3: 22853}",,4599758.0,,3026974.0,,1138617.0,,22853.0,,0.0,,0.0,
2003,SH112003,NONAME,2003-01-21 00:00,2003-02-01 12:00,OFCL,Madagascar,MDG,10981551.0,,47601178.26,,"{0: 4078533, 1: 4378655, 2: 2292854, 3: 231509}",,4078533.0,,4378655.0,,2292854.0,,231509.0,,0.0,,0.0,
2003,SH162003,NONAME,2003-02-07 18:00,2003-02-15 12:00,OFCL,Madagascar,MDG,67.0,,262.52,,{0: 67},,67.0,,0.0,,0.0,,0.0,,0.0,,0.0,
2003,SH162003,NONAME,2003-02-07 18:00,2003-02-15 12:00,OFCL,Mauritius,MUS,1246616.0,,21253322.29,,"{0: 1121, 1: 1083880, 2: 161615}",,1121.0,,1083880.0,,161615.0,,0.0,,0.0,,0.0,
2003,SH192003,NONAME,2003-02-24 12:00,2003-03-04 00:00,OFCL,Madagascar,MDG,211663.0,,652.21,,{0: 211663},,211663.0,,0.0,,0.0,,0.0,,0.0,,0.0,
2003,SH192003,NONAME,2003-02-24 12:00,2003-03-04 00:00,OFCL,Mozambique,MOZ,5759425.0,,111698953.29,,"{0: 1591384, 1: 2302770, 2: 1156562, 3: 561701, 4: 147008}",,1591384.0,,2302770.0,,1156562.0,,561701.0,,147008.0,,0.0,
2003,SH232003,NONAME,2003-03-03 18:00,2003-03-16 00:00,OFCL,Mauritius,MUS,44652.0,,56409694.58,,"{3: 39178, 4: 5474}",,0.0,,0.0,,0.0,,39178.0,,5474.0,,0.0,
2003,SH282003,NONAME,2003-05-02 00:00,2003-05-10 18:00,OFCL,Madagascar,MDG,13078021.0,,30047485.3,,"{0: 4402712, 1: 7608451, 2: 833159, 3: 233699}",,4402712.0,,7608451.0,,833159.0,,233699.0,,0.0,,0.0,
2004,SH032004,NONAME,2003-12-04 00:00,2003-12-21 18:00,OFCL,Madagascar,MDG,5783508.0,,1541077.0,,"{0: 4416594, 1: 1364511, 2: 2403}",,4416594.0,,1364511.0,,2403.0,,0.0,,0.0,,0.0,
2004,SH062004,NONAME,2003-12-23 18:00,2004-01-04 12:00,OFCL,Mauritius,MUS,1246279.0,,5025698.11,,{1: 1246279},,0.0,,1246279.0,,0.0,,0.0,,0.0,,0.0,
2004,SH092004,NONAME,2004-01-25 06:00,2004-02-05 00:00,OFCL,Comoros,COM,73275.0,,11444.63,,"{0: 64654, 1: 8621}",,64654.0,,8621.0,,0.0,,0.0,,0.0,,0.0,
2004,SH092004,NONAME,2004-01-25 06:00,2004-02-05 00:00,OFCL,Madagascar,MDG,20777438.0,,92414867.08,,"{0: 5142822, 1: 11264764, 2: 3431610, 3: 938242}",,5142822.0,,11264764.0,,3431610.0,,938242.0,,0.0,,0.0,
2004,SH092004,NONAME,2004-01-25 06:00,2004-02-05 00:00,OFCL,Mayotte,MYT,51041.0,,220692.65,,"{0: 50780, 1: 261}",,50780.0,,261.0,,0.0,,0.0,,0.0,,0.0,
2004,SH162004,NONAME,2004-03-01 06:00,2004-03-11 12:00,OFCL,Madagascar,MDG,26322829.0,,2052615038.35,,"{0: 3886767, 1: 6530698, 2: 9277074, 3: 3912281, 4: 1638554, 5: 1077455}",,3886767.0,,6530698.0,,9277074.0,,3912281.0,,1638554.0,,1077455.0,
2004,SH162004,NONAME,2004-03-01 06:00,2004-03-11 12:00,OFCL,Mozambique,MOZ,30.0,,111.33,,{0: 30},,30.0,,0.0,,0.0,,0.0,,0.0,,0.0,
2005,SH022005,NONAME,2004-10-24 18:00,2004-10-29 00:00,OFCL,Madagascar,MDG,28.0,,0.31,,{0: 28},,28.0,,0.0,,0.0,,0.0,,0.0,,0.0,
2005,SH022005,NONAME,2004-10-24 18:00,2004-10-29 00:00,OFCL,Seychelles,SYC,116.0,,92.44,,{0: 116},,116.0,,0.0,,0.0,,0.0,,0.0,,0.0,
2005,SH022005,NONAME,2004-10-24 18:00,2004-10-29 00:00,OFCL,Tanzania,TZA,2523.0,,44179.95,,{0: 2523},,2523.0,,0.0,,0.0,,0.0,,0.0,,0.0,
2005,SH122005,NONAME,2005-01-16 12:00,2005-01-24 06:00,OFCL,Comoros,COM,165592.0,,233474.98,,"{0: 99195, 1: 66397}",,99195.0,,66397.0,,0.0,,0.0,,0.0,,0.0,
2005,SH122005,NONAME,2005-01-16 12:00,2005-01-24 06:00,OFCL,Madagascar,MDG,7644160.0,,167092765.46,,"{0: 2227052, 1: 2697715, 2: 1491324, 3: 1007450, 4: 220189, 5: 430}",,2227052.0,,2697715.0,,1491324.0,,1007450.0,,220189.0,,430.0,
2005,SH122005,NONAME,2005-01-16 12:00,2005-01-24 06:00,OFCL,Mozambique,MOZ,875238.0,,32728.7,,"{0: 863768, 1: 11470}",,863768.0,,11470.0,,0.0,,0.0,,0.0,,0.0,
2005,SH122005,NONAME,2005-01-16 12:00,2005-01-24 06:00,OFCL,Mauritius,MUS,257.0,,0.93,,{0: 257},,257.0,,0.0,,0.0,,0.0,,0.0,,0.0,
2005,SH122005,NONAME,2005-01-16 12:00,2005-01-24 06:00,OFCL,Mayotte,MYT,270400.0,,4360308.35,,"{1: 264505, 2: 5895}",,0.0,,264505.0,,5895.0,,0.0,,0.0,,0.0,
2005,SH242005,NONAME,2005-03-21 00:00,2005-03-28 00:00,OFCL,Mauritius,MUS,1246279.0,,2746625.46,,"{0: 38817, 1: 1207462}",,38817.0,,1207462.0,,0.0,,0.0,,0.0,,0.0,
2005,SH262005,NONAME,2005-04-01 12:00,2005-04-12 18:00,OFCL,Mauritius,MUS,44652.0,,198650.66,,{1: 44652},,0.0,,44652.0,,0.0,,0.0,,0.0,,0.0,
2006,SH092006,BOLOETSE,2006-01-22 12:00,2006-02-06 06:00,OFCL,Madagascar,MDG,5271114.0,,21011359.93,,"{0: 3512476, 1: 1197321, 2: 443264, 3: 111766, 4: 6287}",,3512476.0,,1197321.0,,443264.0,,111766.0,,6287.0,,0.0,
2006,SH092006,BOLOETSE,2006-01-22 12:00,2006-02-06 06:00,OFCL,Mozambique,MOZ,199558.0,,382.55,,{0: 199558},,199558.0,,0.0,,0.0,,0.0,,0.0,,0.0,
2006,SH122006,NONAME,2006-02-18 00:00,2006-02-23 18:00,OFCL,Madagascar,MDG,1001.0,,550.36,,{0: 1001},,1001.0,,0.0,,0.0,,0.0,,0.0,,0.0,
2006,SH122006,NONAME,2006-02-18 00:00,2006-02-23 18:00,OFCL,Mauritius,MUS,1207453.0,,945268.87,,"{0: 394345, 1: 813108}",,394345.0,,813108.0,,0.0,,0.0,,0.0,,0.0,
2006,SH162006,DIWA,2006-03-01 06:00,2006-03-09 06:00,OFCL,Reunion,REU,3925.0,,2350983.39,,{0: 3925},,3925.0,,0.0,,0.0,,0.0,,0.0,,0.0,
2007,SH032007,ANITA,2006-11-27 06:00,2006-12-04 00:00,OFCL,Comoros,COM,353248.0,,21864.27,,"{0: 353160, 1: 88}",,353160.0,,88.0,,0.0,,0.0,,0.0,,0.0,
2007,SH032007,ANITA,2006-11-27 06:00,2006-12-04 00:00,OFCL,Madagascar,MDG,259.0,,0.44,,{0: 259},,259.0,,0.0,,0.0,,0.0,,0.0,,0.0,
2007,SH052007,BONDO,2006-12-16 00:00,2006-12-26 18:00,OFCL,Madagascar,MDG,10189011.0,,214553000.72,,"{0: 4806080, 1: 2819385, 2: 1036792, 3: 1216129, 4: 278479, 5: 32146}",,4806080.0,,2819385.0,,1036792.0,,1216129.0,,278479.0,,32146.0,
2007,SH052007,BONDO,2006-12-16 00:00,2006-12-26 18:00,OFCL,Mauritius,MUS,262.0,,1231998.49,,"{4: 220, 5: 42}",,0.0,,0.0,,0.0,,0.0,,220.0,,42.0,
2007,SH052007,BONDO,2006-12-16 00:00,2006-12-26 18:00,OFCL,Seychelles,SYC,43.0,,440178.04,,{4: 43},,0.0,,0.0,,0.0,,0.0,,43.0,,0.0,
2007,SH062007,CLOVIS,2006-12-29 12:00,2007-01-04 18:00,OFCL,Madagascar,MDG,7339264.0,,19393359.26,,"{0: 3464365, 1: 3015291, 2: 772749, 3: 86859}",,3464365.0,,3015291.0,,772749.0,,86859.0,,0.0,,0.0,
2007,SH102007,DORA,2007-01-28 06:00,2007-02-10 00:00,OFCL,Mauritius,MUS,44639.0,,3450.66,,{0: 44639},,44639.0,,0.0,,0.0,,0.0,,0.0,,0.0,
2007,SH132007,ENOK,2007-02-05 18:00,2007-02-12 00:00,OFCL,Madagascar,MDG,244107.0,,1660.48,,{0: 244107},,244107.0,,0.0,,0.0,,0.0,,0.0,,0.0,
2007,SH132007,ENOK,2007-02-05 18:00,2007-02-12 00:00,OFCL,Mauritius,MUS,44099.0,,25130.4,,"{0: 29256, 1: 14843}",,29256.0,,14843.0,,0.0,,0.0,,0.0,,0.0,
2007,SH142007,FAVIO,2007-02-11 18:00,2007-02-23 12:00,OFCL,Madagascar,MDG,1264999.0,,744789.28,,"{0: 819887, 1: 409135, 2: 35977}",,819887.0,,409135.0,,35977.0,,0.0,,0.0,,0.0,
2007,SH142007,FAVIO,2007-02-11 18:00,2007-02-23 12:00,OFCL,Mozambique,MOZ,5639823.0,,172206895.37,,"{0: 1008550, 1: 2293853, 2: 1561239, 3: 573142, 4: 197079, 5: 5960}",,1008550.0,,2293853.0,,1561239.0,,573142.0,,197079.0,,5960.0,
2007,SH152007,GAMEDE,2007-02-19 06:00,2007-03-03 00:00,OFCL,Madagascar,MDG,193142.0,,173854.83,,{0: 193142},,193142.0,,0.0,,0.0,,0.0,,0.0,,0.0,
2007,SH152007,GAMEDE,2007-02-19 06:00,2007-03-03 00:00,OFCL,Mauritius,MUS,1246279.0,,12525903.01,,"{0: 354, 1: 1245925}",,354.0,,1245925.0,,0.0,,0.0,,0.0,,0.0,
2007,SH152007,GAMEDE,2007-02-19 06:00,2007-03-03 00:00,OFCL,Reunion,REU,963140.0,,30978206.64,,"{0: 1125, 1: 960951, 2: 1064}",,1125.0,,960951.0,,1064.0,,0.0,,0.0,,0.0,
2007,SH192007,INDLALA,2007-03-07 00:00,2007-03-17 06:00,OFCL,Madagascar,MDG,11241539.0,,407842107.18,,"{0: 4087441, 1: 3128385, 2: 1800388, 3: 1665166, 4: 512666, 5: 47493}",,4087441.0,,3128385.0,,1800388.0,,1665166.0,,512666.0,,47493.0,
2007,SH222007,JAYA,2007-03-28 00:00,2007-04-08 06:00,OFCL,Madagascar,MDG,5090423.0,,71294714.74,,"{0: 1473082, 1: 1627787, 2: 1246723, 3: 735617, 4: 7214}",,1473082.0,,1627787.0,,1246723.0,,735617.0,,7214.0,,0.0,
2007,SH222007,JAYA,2007-03-28 00:00,2007-04-08 06:00,OFCL,Mozambique,MOZ,9098.0,,2.5,,{0: 9098},,9098.0,,0.0,,0.0,,0.0,,0.0,,0.0,
2008,SH062008,CELINA,2007-12-12 12:00,2007-12-22 18:00,OFCL,Mauritius,MUS,21549.0,,108.32,,{0: 21549},,21549.0,,0.0,,0.0,,0.0,,0.0,,0.0,
2008,SH092008,ELNUS,2007-12-29 12:00,2008-01-04 18:00,OFCL,Madagascar,MDG,228329.0,,6007.64,,{0: 228329},,228329.0,,0.0,,0.0,,0.0,,0.0,,0.0,
2008,SH132008,FAME,2008-01-23 12:00,2008-02-01 12:00,OFCL,Comoros,COM,21411.0,,194.98,,{0: 21411},,21411.0,,0.0,,0.0,,0.0,,0.0,,0.0,
2008,SH132008,FAME,2008-01-23 12:00,2008-02-01 12:00,OFCL,Madagascar,MDG,11379130.0,,49012093.76,,"{0: 2464881, 1: 7265713, 2: 1294814, 3: 351666, 4: 2056}",,2464881.0,,7265713.0,,1294814.0,,351666.0,,2056.0,,0.0,
2008,SH132008,FAME,2008-01-23 12:00,2008-02-01 12:00,OFCL,Mayotte,MYT,92846.0,,41309.92,,"{0: 52163, 1: 40683}",,52163.0,,40683.0,,0.0,,0.0,,0.0,,0.0,
2008,SH132008,FAME,2008-01-23 12:00,2008-02-01 12:00,OFCL,Reunion,REU,77358.0,,38812.21,,"{0: 76643, 1: 715}",,76643.0,,715.0,,0.0,,0.0,,0.0,,0.0,
2008,SH142008,GULA,2008-01-26 00:00,2008-02-01 12:00,OFCL,Mauritius,MUS,19909.0,,176432.18,,{0: 19909},,19909.0,,0.0,,0.0,,0.0,,0.0,,0.0,
2008,SH162008,HONDO,2008-02-02 06:00,2008-02-25 12:00,OFCL,Mauritius,MUS,1246279.0,,6790778.91,,{1: 1246279},,0.0,,1246279.0,,0.0,,0.0,,0.0,,0.0,
2008,SH162008,HONDO,2008-02-02 06:00,2008-02-25 12:00,OFCL,Reunion,REU,383236.0,,831492.84,,"{0: 209265, 1: 173879, 2: 92}",,209265.0,,173879.0,,92.0,,0.0,,0.0,,0.0,
2008,SH182008,IVAN,2008-02-05 12:00,2008-02-20 06:00,OFCL,Madagascar,MDG,16590456.0,,740480454.58,,"{0: 3355488, 1: 3268390, 2: 4434699, 3: 4372357, 4: 1077372, 5: 82150}",,3355488.0,,3268390.0,,4434699.0,,4372357.0,,1077372.0,,82150.0,
2008,SH222008,JOKWE,2008-03-02 06:00,2008-03-14 06:00,OFCL,Madagascar,MDG,6564787.0,,19979438.6,,"{0: 3510465, 1: 2024942, 2: 980668, 3: 48712}",,3510465.0,,2024942.0,,980668.0,,48712.0,,0.0,,0.0,
2008,SH222008,JOKWE,2008-03-02 06:00,2008-03-14 06:00,OFCL,Mozambique,MOZ,6611319.0,,407349538.72,,"{0: 1158951, 1: 1429564, 2: 2038482, 3: 1371005, 4: 561193, 5: 52124}",,1158951.0,,1429564.0,,2038482.0,,1371005.0,,561193.0,,52124.0,
2009,SH012009,ASMA,2008-10-15 18:00,2008-10-24 12:00,OFCL,Comoros,COM,58343.0,,794.16,,{0: 58343},,58343.0,,0.0,,0.0,,0.0,,0.0,,0.0,
2009,SH012009,ASMA,2008-10-15 18:00,2008-10-24 12:00,OFCL,Madagascar,MDG,44914.0,,45.93,,{0: 44914},,44914.0,,0.0,,0.0,,0.0,,0.0,,0.0,
2009,SH082009,ERIC,2009-01-16 12:00,2009-01-22 00:00,OFCL,Madagascar,MDG,1947230.0,,270063.77,,"{0: 1543777, 1: 403453}",,1543777.0,,403453.0,,0.0,,0.0,,0.0,,0.0,
2009,SH092009,FANELE,2009-01-17 18:00,2009-01-23 18:00,OFCL,Madagascar,MDG,8770654.0,,99929036.16,,"{0: 4781639, 1: 3048544, 2: 474338, 3: 293358, 4: 168314, 5: 4461}",,4781639.0,,3048544.0,,474338.0,,293358.0,,168314.0,,4461.0,
2009,SH132009,GAEL,2009-01-31 18:00,2009-02-11 00:00,OFCL,Madagascar,MDG,363099.0,,4053.27,,{0: 363099},,363099.0,,0.0,,0.0,,0.0,,0.0,,0.0,
2009,SH132009,GAEL,2009-01-31 18:00,2009-02-11 00:00,OFCL,Mauritius,MUS,217.0,,254792.05,,{0: 217},,217.0,,0.0,,0.0,,0.0,,0.0,,0.0,
2009,SH132009,GAEL,2009-01-31 18:00,2009-02-11 00:00,OFCL,Reunion,REU,963140.0,,30197409.32,,"{0: 56945, 1: 905688, 2: 507}",,56945.0,,905688.0,,507.0,,0.0,,0.0,,0.0,
2009,SH242009,IZILDA,2009-03-23 06:00,2009-03-29 18:00,OFCL,Madagascar,MDG,1152960.0,,422044.46,,"{0: 732007, 1: 413144, 2: 7809}",,732007.0,,413144.0,,7809.0,,0.0,,0.0,,0.0,
2009,SH242009,IZILDA,2009-03-23 06:00,2009-03-29 18:00,OFCL,Mozambique,MOZ,69.0,,702.86,,{0: 69},,69.0,,0.0,,0.0,,0.0,,0.0,,0.0,
2009,SH262009,JADE,2009-04-02 18:00,2009-04-11 18:00,OFCL,Madagascar,MDG,10240393.0,,36414495.27,,"{0: 5164870, 1: 3205829, 2: 1666223, 3: 203471}",,5164870.0,,3205829.0,,1666223.0,,203471.0,,0.0,,0.0,
2010,SH022010,BONGANI,2009-11-21 12:00,2009-11-25 18:00,OFCL,Madagascar,MDG,141166.0,,538.07,,{0: 141166},,141166.0,,0.0,,0.0,,0.0,,0.0,,0.0,
2010,SH132010,FAMI,2010-02-01 06:00,2010-02-03 06:00,OFCL,Madagascar,MDG,1748645.0,,845237.92,,"{0: 1080832, 1: 649499, 2: 18314}",,1080832.0,,649499.0,,18314.0,,0.0,,0.0,,0.0,
2010,SH162010,GELANE,2010-02-15 00:00,2010-02-22 12:00,OFCL,Mauritius,MUS,705.0,,0.19,,{0: 705},,705.0,,0.0,,0.0,,0.0,,0.0,,0.0,
2010,SH182010,HUBERT,2010-03-09 00:00,2010-03-11 18:00,OFCL,Madagascar,MDG,2865869.0,,1617512.06,,"{0: 1668056, 1: 1127275, 2: 70538}",,1668056.0,,1127275.0,,70538.0,,0.0,,0.0,,0.0,
2011,SH132011,BINGIZA,2011-02-08 12:00,2011-02-18 00:00,OFCL,Madagascar,MDG,18393083.0,,266074053.91,,"{0: 3111627, 1: 10114616, 2: 3026822, 3: 1989806, 4: 150212}",,3111627.0,,10114616.0,,3026822.0,,1989806.0,,150212.0,,0.0,
2012,SH052012,CHANDA,2012-01-07 06:00,2012-01-09 12:00,OFCL,Madagascar,MDG,1236891.0,,431717.26,,"{0: 851455, 1: 385436}",,851455.0,,385436.0,,0.0,,0.0,,0.0,,0.0,
2012,SH072012,ETHEL,2012-01-18 00:00,2012-01-23 12:00,OFCL,Mauritius,MUS,44652.0,,2756499.95,,"{1: 223, 2: 44429}",,0.0,,223.0,,44429.0,,0.0,,0.0,,0.0,
2012,SH082012,FUNSO,2012-01-18 06:00,2012-01-29 00:00,OFCL,Madagascar,MDG,2867551.0,,651335.22,,"{0: 2022226, 1: 845325}",,2022226.0,,845325.0,,0.0,,0.0,,0.0,,0.0,
2012,SH082012,FUNSO,2012-01-18 06:00,2012-01-29 00:00,OFCL,Mozambique,MOZ,13959425.0,,280087241.92,,"{0: 4886675, 1: 6328819, 2: 1254412, 3: 1133712, 4: 355590, 5: 217}",,4886675.0,,6328819.0,,1254412.0,,1133712.0,,355590.0,,217.0,
2012,SH122012,GIOVANNA,2012-02-08 12:00,2012-02-21 18:00,OFCL,Madagascar,MDG,23930977.0,,2194981791.22,,"{0: 3699469, 1: 6434728, 2: 4041445, 3: 4116415, 4: 5168196, 5: 470724}",,3699469.0,,6434728.0,,4041445.0,,4116415.0,,5168196.0,,470724.0,
2012,SH122012,GIOVANNA,2012-02-08 12:00,2012-02-21 18:00,OFCL,Mauritius,MUS,1246279.0,,4637186.7,,"{0: 4190, 1: 1242089}",,4190.0,,1242089.0,,0.0,,0.0,,0.0,,0.0,
2012,SH122012,GIOVANNA,2012-02-08 12:00,2012-02-21 18:00,OFCL,Reunion,REU,955856.0,,53956746.03,,"{0: 151158, 1: 804266, 2: 432}",,151158.0,,804266.0,,432.0,,0.0,,0.0,,0.0,
2012,SH142012,IRINA,2012-02-26 06:00,2012-03-10 12:00,OFCL,Madagascar,MDG,4717554.0,,18400671.31,,"{0: 2578534, 1: 1341498, 2: 629396, 3: 168126}",,2578534.0,,1341498.0,,629396.0,,168126.0,,0.0,,0.0,
2012,SH142012,IRINA,2012-02-26 06:00,2012-03-10 12:00,OFCL,Mozambique,MOZ,5803152.0,,3177682.71,,"{0: 856811, 1: 4946341}",,856811.0,,4946341.0,,0.0,,0.0,,0.0,,0.0,
2012,SH202012,KUENA,2012-06-03 12:00,2012-06-08 12:00,OFCL,Mauritius,MUS,262.0,,15505.56,,{2: 262},,0.0,,0.0,,262.0,,0.0,,0.0,,0.0,
2013,SH072013,DUMILE,2012-12-29 12:00,2013-01-05 12:00,OFCL,Reunion,REU,963140.0,,36851858.37,,"{0: 5162, 1: 728509, 2: 229469}",,5162.0,,728509.0,,229469.0,,0.0,,0.0,,0.0,
2013,SH132013,FELLENG,2013-01-25 12:00,2013-02-04 12:00,OFCL,Madagascar,MDG,4062626.0,,400505.9,,"{0: 3777503, 1: 285123}",,3777503.0,,285123.0,,0.0,,0.0,,0.0,,0.0,
2013,SH162013,HARUNA,2013-02-14 12:00,2013-02-28 00:00,OFCL,Madagascar,MDG,6794592.0,,178737902.77,,"{0: 2293957, 1: 1971956, 2: 959872, 3: 1387493, 4: 181314}",,2293957.0,,1971956.0,,959872.0,,1387493.0,,181314.0,,0.0,
2013,SH162013,HARUNA,2013-02-14 12:00,2013-02-28 00:00,OFCL,Mozambique,MOZ,1040610.0,,6528.07,,{0: 1040610},,1040610.0,,0.0,,0.0,,0.0,,0.0,,0.0,
2013,SH212013,IMELDA,2013-04-03 06:00,2013-04-19 06:00,OFCL,Mauritius,MUS,44914.0,,617077.5,,"{0: 262, 1: 44652}",,262.0,,44652.0,,0.0,,0.0,,0.0,,0.0,
2014,SH032014,AMARA,2013-12-14 06:00,2013-12-28 06:00,OFCL,Mauritius,MUS,44652.0,,18940149.97,,"{2: 1354, 3: 43298}",,0.0,,0.0,,1354.0,,43298.0,,0.0,,0.0,
2014,SH062014,BEJISA,2013-12-27 12:00,2014-01-06 18:00,OFCL,Mauritius,MUS,63025.0,,10520.39,,{0: 63025},,63025.0,,0.0,,0.0,,0.0,,0.0,,0.0,
2014,SH062014,BEJISA,2013-12-27 12:00,2014-01-06 18:00,OFCL,Reunion,REU,963140.0,,2186132437.31,,"{2: 37334, 3: 796664, 4: 129142}",,0.0,,0.0,,37334.0,,796664.0,,129142.0,,0.0,
2014,SH092014,DELIWE,2014-01-14 12:00,2014-01-21 00:00,OFCL,Madagascar,MDG,2439577.0,,603667.07,,"{0: 1883995, 1: 537271, 2: 18311}",,1883995.0,,537271.0,,18311.0,,0.0,,0.0,,0.0,
2014,SH212014,HELLEN,2014-03-27 06:00,2014-04-01 12:00,OFCL,Comoros,COM,875341.0,,2126750.57,,"{0: 239509, 1: 565106, 2: 70726}",,239509.0,,565106.0,,70726.0,,0.0,,0.0,,0.0,
2014,SH212014,HELLEN,2014-03-27 06:00,2014-04-01 12:00,OFCL,Madagascar,MDG,7424432.0,,59266144.08,,"{0: 4398061, 1: 1783103, 2: 656912, 3: 565099, 4: 21173, 5: 84}",,4398061.0,,1783103.0,,656912.0,,565099.0,,21173.0,,84.0,
2014,SH212014,HELLEN,2014-03-27 06:00,2014-04-01 12:00,OFCL,Mozambique,MOZ,837820.0,,42514.26,,"{0: 770300, 1: 67520}",,770300.0,,67520.0,,0.0,,0.0,,0.0,,0.0,
2014,SH212014,HELLEN,2014-03-27 06:00,2014-04-01 12:00,OFCL,Mayotte,MYT,270400.0,,10107294.06,,"{0: 47563, 1: 222837}",,47563.0,,222837.0,,0.0,,0.0,,0.0,,0.0,
2015,SH052015,BANSI,2015-01-09 06:00,2015-01-18 12:00,OFCL,Mauritius,MUS,402321.0,,4616184.22,,"{0: 354197, 1: 3472, 2: 44652}",,354197.0,,3472.0,,44652.0,,0.0,,0.0,,0.0,
2015,SH062015,CHEDZA,2015-01-15 12:00,2015-01-21 00:00,OFCL,Madagascar,MDG,8218821.0,,9078495.57,,"{0: 4917656, 1: 2879041, 2: 422124}",,4917656.0,,2879041.0,,422124.0,,0.0,,0.0,,0.0,
2015,SH112015,FUNDI,2015-02-05 18:00,2015-02-10 06:00,OFCL,Madagascar,MDG,1209079.0,,319827.14,,"{0: 751410, 1: 457669}",,751410.0,,457669.0,,0.0,,0.0,,0.0,,0.0,
2015,SH152015,FIFTEEN,2015-03-04 06:00,2015-03-09 00:00,OFCL,Madagascar,MDG,398827.0,,9392.32,,"{0: 398322, 1: 505}",,398322.0,,505.0,,0.0,,0.0,,0.0,,0.0,
2015,SH152015,FIFTEEN,2015-03-04 06:00,2015-03-09 00:00,OFCL,Mozambique,MOZ,163039.0,,437.79,,{0: 163039},,163039.0,,0.0,,0.0,,0.0,,0.0,,0.0,
2015,SH162015,HALIBA,2015-03-06 12:00,2015-03-11 12:00,OFCL,Madagascar,MDG,434660.0,,2173.05,,{0: 434660},,434660.0,,0.0,,0.0,,0.0,,0.0,,0.0,
2015,SH162015,HALIBA,2015-03-06 12:00,2015-03-11 12:00,OFCL,Reunion,REU,320231.0,,414442.19,,"{0: 233884, 1: 86347}",,233884.0,,86347.0,,0.0,,0.0,,0.0,,0.0,
2016,SH012016,ABELA,2016-07-14 12:00,2016-07-20 12:00,OFCL,Madagascar,MDG,49266.0,,2625.59,,"{0: 47052, 1: 2214}",,47052.0,,2214.0,,0.0,,0.0,,0.0,,0.0,
2016,SH192016,FANTALA,2016-04-11 00:00,2016-04-25 12:00,OFCL,Madagascar,MDG,19313.0,,24095.36,,{0: 19313},,19313.0,,0.0,,0.0,,0.0,,0.0,,0.0,
2016,SH192016,FANTALA,2016-04-11 00:00,2016-04-25 12:00,OFCL,Mauritius,MUS,262.0,,18.59,,{0: 262},,262.0,,0.0,,0.0,,0.0,,0.0,,0.0,
2016,SH192016,FANTALA,2016-04-11 00:00,2016-04-25 12:00,OFCL,Seychelles,SYC,90.0,,1357250.55,,"{0: 47, 4: 8, 5: 35}",,47.0,,0.0,,0.0,,0.0,,8.0,,35.0,
2017,SH042017,CARLOS,2017-02-02 06:00,2017-02-13 00:00,OFCL,Mauritius,MUS,49133.0,,992.22,,{0: 49133},,49133.0,,0.0,,0.0,,0.0,,0.0,,0.0,
2017,SH042017,CARLOS,2017-02-02 06:00,2017-02-13 00:00,OFCL,Reunion,REU,403909.0,,1522680.41,,"{0: 271069, 1: 132840}",,271069.0,,132840.0,,0.0,,0.0,,0.0,,0.0,
2017,SH052017,DINEO,2017-02-11 18:00,2017-02-16 18:00,OFCL,Mozambique,MOZ,4172496.0,,140395958.61,,"{0: 1094933, 1: 1534841, 2: 641309, 3: 855322, 4: 46091}",,1094933.0,,1534841.0,,641309.0,,855322.0,,46091.0,,0.0,
2017,SH092017,ENAWO,2017-03-02 06:00,2017-03-10 12:00,OFCL,Madagascar,MDG,26741390.0,,902346460.52,,"{0: 3638953, 1: 9395694, 2: 9432511, 3: 3097441, 4: 953033, 5: 223758}",,3638953.0,,9395694.0,,9432511.0,,3097441.0,,953033.0,,223758.0,
2018,SH032018,AVA,2017-12-30 06:00,2018-01-09 12:00,OFCL,Madagascar,MDG,21636211.0,,443593702.83,,"{0: 5100882, 1: 5333624, 2: 4386001, 3: 6641709, 4: 173995}",,5100882.0,,5333624.0,,4386001.0,,6641709.0,,173995.0,,0.0,
2018,SH062018,BERGUITTA,2018-01-11 06:00,2018-01-21 18:00,OFCL,Madagascar,MDG,128714.0,,4452.79,,{0: 128714},,128714.0,,0.0,,0.0,,0.0,,0.0,,0.0,
2018,SH062018,BERGUITTA,2018-01-11 06:00,2018-01-21 18:00,OFCL,Mauritius,MUS,1290931.0,,32295737.38,,"{1: 928295, 2: 362636}",,0.0,,928295.0,,362636.0,,0.0,,0.0,,0.0,
2018,SH062018,BERGUITTA,2018-01-11 06:00,2018-01-21 18:00,OFCL,Reunion,REU,963140.0,,33491035.54,,"{1: 885408, 2: 77732}",,0.0,,885408.0,,77732.0,,0.0,,0.0,,0.0,
2018,SH112018,DUMAZILE,2018-03-01 12:00,2018-03-08 18:00,OFCL,Madagascar,MDG,13310103.0,,22156031.38,,"{0: 3988773, 1: 8026362, 2: 1293025, 3: 1943}",,3988773.0,,8026362.0,,1293025.0,,1943.0,,0.0,,0.0,
2018,SH112018,DUMAZILE,2018-03-01 12:00,2018-03-08 18:00,OFCL,Mauritius,MUS,3413.0,,680152.94,,{0: 3413},,3413.0,,0.0,,0.0,,0.0,,0.0,,0.0,
2018,SH112018,DUMAZILE,2018-03-01 12:00,2018-03-08 18:00,OFCL,Reunion,REU,842429.0,,13145818.58,,"{0: 289194, 1: 553235}",,289194.0,,553235.0,,0.0,,0.0,,0.0,,0.0,
2018,SH142018,ELIAKIM,2018-03-13 18:00,2018-03-21 06:00,OFCL,Madagascar,MDG,23284192.0,,116523955.71,,"{0: 2506428, 1: 13074517, 2: 7140648, 3: 562599}",,2506428.0,,13074517.0,,7140648.0,,562599.0,,0.0,,0.0,
2018,SH142018,ELIAKIM,2018-03-13 18:00,2018-03-21 06:00,OFCL,Reunion,REU,30780.0,,13729103.47,,{0: 30780},,30780.0,,0.0,,0.0,,0.0,,0.0,,0.0,
2018,SH202018,FAKIR,2018-04-21 12:00,2018-04-26 00:00,OFCL,Mauritius,MUS,1099271.0,,1894979.85,,"{0: 423756, 1: 675515}",,423756.0,,675515.0,,0.0,,0.0,,0.0,,0.0,
2018,SH202018,FAKIR,2018-04-21 12:00,2018-04-26 00:00,OFCL,Reunion,REU,963140.0,,62183628.68,,"{1: 780517, 2: 182593, 3: 30}",,0.0,,780517.0,,182593.0,,30.0,,0.0,,0.0,
2019,SH032019,ALCIDE,2018-11-07 00:00,2018-11-15 00:00,OFCL,Madagascar,MDG,25.0,,28.74,,{0: 25},,25.0,,0.0,,0.0,,0.0,,0.0,,0.0,
2019,SH032019,ALCIDE,2018-11-07 00:00,2018-11-15 00:00,OFCL,Mauritius,MUS,262.0,,81490.28,,{3: 262},,0.0,,0.0,,0.0,,262.0,,0.0,,0.0,
2019,SH072019,CILIDA,2018-12-17 00:00,2018-12-25 18:00,OFCL,Mauritius,MUS,30775.0,,7663.3,,{0: 30775},,30775.0,,0.0,,0.0,,0.0,,0.0,,0.0,
2019,SH102019,DESMOND,2019-01-19 06:00,2019-01-22 00:00,OFCL,Mozambique,MOZ,327366.0,,123066.92,,"{0: 321620, 1: 5746}",,321620.0,,5746.0,,0.0,,0.0,,0.0,,0.0,
2019,SH122019,FUNANI,2019-02-04 06:00,2019-02-10 06:00,OFCL,Mauritius,MUS,20922.0,,153.4,,{0: 20922},,20922.0,,0.0,,0.0,,0.0,,0.0,,0.0,
2019,SH132019,GELENA,2019-02-05 00:00,2019-02-15 18:00,OFCL,Mauritius,MUS,49151.0,,50512167.93,,"{0: 4499, 3: 44050, 4: 602}",,4499.0,,0.0,,0.0,,44050.0,,602.0,,0.0,
2019,SH182019,IDAI,2019-03-05 00:00,2019-03-16 06:00,OFCL,Madagascar,MDG,1488988.0,,5170739.28,,"{0: 819189, 1: 446029, 2: 195173, 3: 28562, 4: 35}",,819189.0,,446029.0,,195173.0,,28562.0,,35.0,,0.0,
2019,SH182019,IDAI,2019-03-05 00:00,2019-03-16 06:00,OFCL,Mozambique,MOZ,13543647.0,,619465080.16,,"{0: 8113757, 1: 2304223, 2: 674101, 3: 1516725, 4: 870732, 5: 64109}",,8113757.0,,2304223.0,,674101.0,,1516725.0,,870732.0,,64109.0,
2019,SH222019,JOANINHA,2019-03-22 00:00,2019-03-31 00:00,OFCL,Mauritius,MUS,44652.0,,64392383.5,,"{3: 30541, 4: 14111}",,0.0,,0.0,,0.0,,30541.0,,14111.0,,0.0,
2019,SH242019,KENNETH,2019-04-21 18:00,2019-04-27 00:00,OFCL,Comoros,COM,892811.0,,498725997.61,,"{2: 372351, 3: 305203, 4: 111845, 5: 103412}",,0.0,,0.0,,372351.0,,305203.0,,111845.0,,103412.0,
2019,SH242019,KENNETH,2019-04-21 18:00,2019-04-27 00:00,OFCL,Madagascar,MDG,296980.0,,34491.05,,"{0: 185000, 1: 111980}",,185000.0,,111980.0,,0.0,,0.0,,0.0,,0.0,
2019,SH242019,KENNETH,2019-04-21 18:00,2019-04-27 00:00,OFCL,Mozambique,MOZ,5939803.0,,375973319.34,,"{0: 1709301, 1: 1925061, 2: 999067, 3: 727244, 4: 423085, 5: 156045}",,1709301.0,,1925061.0,,999067.0,,727244.0,,423085.0,,156045.0,
2019,SH242019,KENNETH,2019-04-21 18:00,2019-04-27 00:00,OFCL,Mayotte,MYT,269494.0,,1289773.89,,"{0: 22164, 1: 247330}",,22164.0,,247330.0,,0.0,,0.0,,0.0,,0.0,
2019,SH242019,KENNETH,2019-04-21 18:00,2019-04-27 00:00,OFCL,Seychelles,SYC,182.0,,19807.01,,"{0: 55, 1: 80, 2: 47}",,55.0,,80.0,,47.0,,0.0,,0.0,,0.0,
2019,SH242019,KENNETH,2019-04-21 18:00,2019-04-27 00:00,OFCL,Tanzania,TZA,1800185.0,,2550924.16,,"{0: 461278, 1: 1176004, 2: 162903}",,461278.0,,1176004.0,,162903.0,,0.0,,0.0,,0.0,
2020,SH022020,BELNA,2019-12-05 00:00,2019-12-11 06:00,OFCL,Madagascar,MDG,2763350.0,,16805194.88,,"{0: 992105, 1: 1241598, 2: 381540, 3: 147367, 4: 740}",,992105.0,,1241598.0,,381540.0,,147367.0,,740.0,,0.0,
2020,SH022020,BELNA,2019-12-05 00:00,2019-12-11 06:00,OFCL,Seychelles,SYC,73.0,,188919.97,,"{0: 26, 3: 47}",,26.0,,0.0,,0.0,,47.0,,0.0,,0.0,
2020,SH052020,CALVINIA,2019-12-17 12:00,2020-01-03 18:00,OFCL,Mauritius,MUS,1246279.0,,36159349.6,,"{1: 419867, 2: 826412}",,0.0,,419867.0,,826412.0,,0.0,,0.0,,0.0,
2020,SH052020,CALVINIA,2019-12-17 12:00,2020-01-03 18:00,OFCL,Reunion,REU,1089.0,,42309.02,,{0: 1089},,1089.0,,0.0,,0.0,,0.0,,0.0,,0.0,
2020,SH102020,DIANE,2020-01-22 12:00,2020-01-29 18:00,OFCL,Madagascar,MDG,343557.0,,4943.16,,{0: 343557},,343557.0,,0.0,,0.0,,0.0,,0.0,,0.0,
2020,SH102020,DIANE,2020-01-22 12:00,2020-01-29 18:00,OFCL,Mauritius,MUS,426334.0,,52211.73,,"{0: 421858, 1: 4476}",,421858.0,,4476.0,,0.0,,0.0,,0.0,,0.0,
2020,SH132020,FRANCISCO,2020-02-03 06:00,2020-02-15 18:00,OFCL,Madagascar,MDG,228303.0,,2388.64,,"{0: 228246, 1: 57}",,228246.0,,57.0,,0.0,,0.0,,0.0,,0.0,
2020,SH222020,HEROLD,2020-03-13 06:00,2020-03-19 18:00,OFCL,Madagascar,MDG,1599626.0,,2216496.2,,"{0: 1007590, 1: 466885, 2: 122358, 3: 2793}",,1007590.0,,466885.0,,122358.0,,2793.0,,0.0,,0.0,
2020,SH222020,HEROLD,2020-03-13 06:00,2020-03-19 18:00,OFCL,Mauritius,MUS,47065.0,,8227579.08,,"{0: 2413, 2: 44517, 3: 135}",,2413.0,,0.0,,44517.0,,135.0,,0.0,,0.0,
2021,SH072021,CHALANE,2020-12-21 18:00,2020-12-31 06:00,OFCL,Madagascar,MDG,10740979.0,,4635580.64,,"{0: 3759334, 1: 6981645}",,3759334.0,,6981645.0,,0.0,,0.0,,0.0,,0.0,
2021,SH072021,CHALANE,2020-12-21 18:00,2020-12-31 06:00,OFCL,Mozambique,MOZ,3464972.0,,19461644.38,,"{0: 1016365, 1: 1617181, 2: 799632, 3: 31794}",,1016365.0,,1617181.0,,799632.0,,31794.0,,0.0,,0.0,
2021,SH122021,ELOISE,2021-01-11 18:00,2021-01-24 00:00,OFCL,Madagascar,MDG,10970402.0,,7072306.86,,"{0: 4626649, 1: 6203313, 2: 140440}",,4626649.0,,6203313.0,,140440.0,,0.0,,0.0,,0.0,
2021,SH122021,ELOISE,2021-01-11 18:00,2021-01-24 00:00,OFCL,Mozambique,MOZ,6830881.0,,212384013.37,,"{0: 2027492, 1: 2605567, 2: 930640, 3: 907587, 4: 359595}",,2027492.0,,2605567.0,,930640.0,,907587.0,,359595.0,,0.0,
2021,SH212021,GUAMBE,2021-02-14 00:00,2021-02-22 06:00,OFCL,Mozambique,MOZ,2626447.0,,1306788.59,,"{0: 1476949, 1: 1149069, 2: 429}",,1476949.0,,1149069.0,,429.0,,0.0,,0.0,,0.0,
2021,SH252021,IMAN,2021-03-04 00:00,2021-03-09 00:00,OFCL,Madagascar,MDG,1747767.0,,59785.32,,"{0: 1718715, 1: 29052}",,1718715.0,,29052.0,,0.0,,0.0,,0.0,,0.0,
2021,SH252021,IMAN,2021-03-04 00:00,2021-03-09 00:00,OFCL,Mozambique,MOZ,227732.0,,592.53,,{0: 227732},,227732.0,,0.0,,0.0,,0.0,,0.0,,0.0,
2021,SH252021,IMAN,2021-03-04 00:00,2021-03-09 00:00,OFCL,Reunion,REU,69325.0,,5003.77,,"{0: 69268, 1: 57}",,69268.0,,57.0,,0.0,,0.0,,0.0,,0.0,
2021,SH292021,JOBO,2021-04-17 18:00,2021-04-24 18:00,OFCL,Seychelles,SYC,147.0,,14593.33,,"{1: 74, 2: 73}",,0.0,,74.0,,73.0,,0.0,,0.0,,0.0,
2021,SH292021,JOBO,2021-04-17 18:00,2021-04-24 18:00,OFCL,Tanzania,TZA,126691.0,,7662.1,,"{0: 111142, 1: 15549}",,111142.0,,15549.0,,0.0,,0.0,,0.0,,0.0,
2022,SH242022,JASMINE,2022-04-20 06:00,2022-05-01 06:00,OFCL,Comoros,COM,56421.0,,77.03,,{0: 56421},,56421.0,,0.0,,0.0,,0.0,,0.0,,0.0,
2023,SH082023,CHENESO,2023-01-13 06:00,2023-01-30 09:00,OFCL,Madagascar,MDG,6582100.0,,6117128.11,,"{0: 4008794, 1: 2260913, 2: 312393}",,4008794.0,,2260913.0,,312393.0,,0.0,,0.0,,0.0,
2023,SH112023,FREDDY,2023-02-14 12:00,2023-03-13 18:00,OFCL,Madagascar,MDG,10156180.0,,248403141.26,,"{0: 3057943, 1: 3453935, 2: 1681593, 3: 1763048, 4: 199661}",,3057943.0,,3453935.0,,1681593.0,,1763048.0,,199661.0,,0.0,
2023,SH112023,FREDDY,2023-02-14 12:00,2023-03-13 18:00,OFCL,Mozambique,MOZ,11194960.0,,401811465.57,,"{0: 4462166, 1: 3720931, 2: 1362183, 3: 761322, 4: 888358}",,4462166.0,,3720931.0,,1362183.0,,761322.0,,888358.0,,0.0,
2023,SH112023,FREDDY,2023-02-14 12:00,2023-03-13 18:00,OFCL,Mauritius,MUS,1246218.0,,1877405.08,,"{0: 139175, 1: 1107043}",,139175.0,,1107043.0,,0.0,,0.0,,0.0,,0.0,
2023,SH112023,FREDDY,2023-02-14 12:00,2023-03-13 18:00,OFCL,Reunion,REU,499207.0,,247282.58,,"{0: 343357, 1: 155850}",,343357.0,,155850.0,,0.0,,0.0,,0.0,,0.0,
2024,SH042024,ALVARO,2024-01-01 00:00,2024-01-04 12:00,OFCL,Madagascar,MDG,7454419.0,,5094167.33,,"{0: 4812197, 1: 2443985, 2: 195488, 3: 2749}",,4812197.0,,2443985.0,,195488.0,,2749.0,,0.0,,0.0,
2024,SH052024,BELAL,2024-01-12 12:00,2024-01-19 12:00,OFCL,Mauritius,MUS,1246279.0,,11247028.51,,"{1: 1228783, 2: 17496}",,0.0,,1228783.0,,17496.0,,0.0,,0.0,,0.0,
2024,SH052024,BELAL,2024-01-12 12:00,2024-01-19 12:00,OFCL,Reunion,REU,963140.0,,745868197.38,,"{2: 437122, 3: 526018}",,0.0,,0.0,,437122.0,,526018.0,,0.0,,0.0,
2024,SH082024,CANDICE,2024-01-25 00:00,2024-01-28 00:00,OFCL,Mauritius,MUS,933290.0,,351039.31,,"{0: 666490, 1: 266800}",,666490.0,,266800.0,,0.0,,0.0,,0.0,,0.0,
2024,SH082024,CANDICE,2024-01-25 00:00,2024-01-28 00:00,OFCL,Reunion,REU,139180.0,,15157.09,,"{0: 139096, 1: 84}",,139096.0,,84.0,,0.0,,0.0,,0.0,,0.0,
2024,SH162024,ELEANOR,2024-02-19 00:00,2024-02-24 12:00,OFCL,Mauritius,MUS,355188.0,,37427.6,,"{0: 343614, 1: 11574}",,343614.0,,11574.0,,0.0,,0.0,,0.0,,0.0,
2024,SH172024,FILIPO,2024-03-10 18:00,2024-03-14 12:00,OFCL,Mozambique,MOZ,4625360.0,,7528170.22,,"{0: 2240550, 1: 2064500, 2: 320310}",,2240550.0,,2064500.0,,320310.0,,0.0,,0.0,,0.0,
2024,SH202024,GAMANE,2024-03-26 00:00,2024-03-29 12:00,OFCL,Madagascar,MDG,2933991.0,,19624444.48,,"{0: 1326407, 1: 1071926, 2: 378484, 3: 147580, 4: 9594}",,1326407.0,,1071926.0,,378484.0,,147580.0,,9594.0,,0.0,
2024,SH232024,HIDAYA,2024-05-01 12:00,2024-05-04 12:00,OFCL,Tanzania,TZA,7917681.0,,12351529.49,,"{0: 1614291, 1: 5815296, 2: 465504, 3: 22590}",,1614291.0,,5815296.0,,465504.0,,22590.0,,0.0,,0.0,
2025,SH022025,BHEKI,2024-11-13 00:00,2024-11-23 12:00,JTWC,Mauritius,MUS,44652.0,,364967.16,,{1: 44652},,0.0,,44652.0,,0.0,,0.0,,0.0,,0.0,
2025,SH022025,BHEKI,2024-11-13 00:00,2024-11-23 12:00,JTWC,Reunion,REU,249198.0,,140963.27,,"{0: 226164, 1: 23034}",,226164.0,,23034.0,,0.0,,0.0,,0.0,,0.0,
2025,SH042025,CHIDO,2024-12-05 06:00,2024-12-15 18:00,JTWC,Comoros,COM,515817.0,,8970242.64,,"{0: 84414, 1: 333309, 2: 75689, 3: 22405}",,84414.0,,333309.0,,75689.0,,22405.0,,0.0,,0.0,
2025,SH042025,CHIDO,2024-12-05 06:00,2024-12-15 18:00,JTWC,Madagascar,MDG,1281696.0,,6610971.35,,"{0: 539430, 1: 479145, 2: 162824, 3: 100250, 4: 47}",,539430.0,,479145.0,,162824.0,,100250.0,,47.0,,0.0,
2025,SH042025,CHIDO,2024-12-05 06:00,2024-12-15 18:00,JTWC,Mozambique,MOZ,18133930.0,,364925934.3,,"{0: 8624165, 1: 6771036, 2: 1194899, 3: 733941, 4: 769059, 5: 40830}",,8624165.0,,6771036.0,,1194899.0,,733941.0,,769059.0,,40830.0,
2025,SH042025,CHIDO,2024-12-05 06:00,2024-12-15 18:00,JTWC,Mauritius,MUS,262.0,,1018593.39,,{4: 262},,0.0,,0.0,,0.0,,0.0,,262.0,,0.0,
2025,SH042025,CHIDO,2024-12-05 06:00,2024-12-15 18:00,JTWC,Mayotte,MYT,270400.0,,1525144295.11,,"{3: 23422, 4: 246978}",,0.0,,0.0,,0.0,,23422.0,,246978.0,,0.0,
2025,SH042025,CHIDO,2024-12-05 06:00,2024-12-15 18:00,JTWC,Seychelles,SYC,35.0,,245.38,,{1: 35},,0.0,,35.0,,0.0,,0.0,,0.0,,0.0,
2025,SH072025,DIKELEDI,2024-12-29 12:00,2025-01-18 00:00,OFCL,Madagascar,MDG,4724608.0,,139444065.64,,"{0: 1771292, 1: 1201711, 2: 645478, 3: 1003688, 4: 102439}",,1771292.0,,1201711.0,,645478.0,,1003688.0,,102439.0,,0.0,
2025,SH072025,DIKELEDI,2024-12-29 12:00,2025-01-18 00:00,OFCL,Mozambique,MOZ,2346286.0,,42521020.64,,"{0: 580906, 1: 550590, 2: 858515, 3: 355324, 4: 951}",,580906.0,,550590.0,,858515.0,,355324.0,,951.0,,0.0,
2025,SH112025,FAIDA,2025-01-23 06:00,2025-02-05 12:00,JTWC,Madagascar,MDG,1913799.0,,54431.29,,"{0: 1884514, 1: 29285}",,1884514.0,,29285.0,,0.0,,0.0,,0.0,,0.0,
2025,SH112025,FAIDA,2025-01-23 06:00,2025-02-05 12:00,JTWC,Mauritius,MUS,176518.0,,2185.96,,{0: 176518},,176518.0,,0.0,,0.0,,0.0,,0.0,,0.0,
2025,SH112025,FAIDA,2025-01-23 06:00,2025-02-05 12:00,JTWC,Reunion,REU,586.0,,161.99,,{0: 586},,586.0,,0.0,,0.0,,0.0,,0.0,,0.0,
2025,SH122025,ELVIS,2025-01-27 00:00,2025-02-01 00:00,OFCL,Madagascar,MDG,1822857.0,,405183.39,,"{0: 1443139, 1: 379077, 2: 641}",,1443139.0,,379077.0,,641.0,,0.0,,0.0,,0.0,
2025,SH222025,GARANCE,2025-02-23 12:00,2025-03-02 18:00,JTWC,Mauritius,MUS,68289.0,,952.0,,{0: 68289},,68289.0,,0.0,,0.0,,0.0,,0.0,,0.0,
2025,SH222025,GARANCE,2025-02-23 12:00,2025-03-02 18:00,JTWC,Reunion,REU,963140.0,,1697404675.23,,"{3: 961306, 4: 1834}",,0.0,,0.0,,0.0,,961306.0,,1834.0,,0.0,
2025,SH232025,HONDE,2025-02-22 18:00,2025-03-06 18:00,JTWC,Madagascar,MDG,5636796.0,,27804425.83,,"{0: 1596172, 1: 2181692, 2: 1792455, 3: 66477}",,1596172.0,,2181692.0,,1792455.0,,66477.0,,0.0,,0.0,
2025,SH252025,JUDE,2025-03-06 06:00,2025-03-16 18:00,JTWC,Madagascar,MDG,9605089.0,,46356605.95,,"{0: 3132207, 1: 3648302, 2: 2811312, 3: 13268}",,3132207.0,,3648302.0,,2811312.0,,13268.0,,0.0,,0.0,
2025,SH252025,JUDE,2025-03-06 06:00,2025-03-16 18:00,JTWC,Mozambique,MOZ,15765923.0,,265223422.48,,"{0: 5533694, 1: 4243455, 2: 2353331, 3: 3635443}",,5533694.0,,4243455.0,,2353331.0,,3635443.0,,0.0,,0.0,
