tc_season,atcf_id,storm_name,jtwc_start_time,jtwc_end_time,tech,adm0_name,adm0_code,adm1_name,adm1_code,adm2_name,adm2_code,population,loss,wind_cat
1980,SH021980,NONAME,1979-12-10 00:00,1979-12-28 06:00,OFCL,Mauritius,MUS,Rodriguez,MUS.10_1,,No Adm2,102,84918.26,"{2: 92704, 3: 1856, 0: 102}"
1980,SH021980,NONAME,1979-12-10 00:00,1979-12-28 06:00,OFCL,Mauritius,MUS,Savanne,MUS.12_1,,No Adm2,70087,14099054.08,"{2: 92704, 3: 1856, 0: 102}"
1980,SH021980,NONAME,1979-12-10 00:00,1979-12-28 06:00,OFCL,Mauritius,MUS,Black River,MUS.2_1,,No Adm2,94560,17936154.01,"{2: 92704, 3: 1856, 0: 102}"
1980,SH021980,NONAME,1979-12-10 00:00,1979-12-28 06:00,OFCL,Mauritius,MUS,Flacq,MUS.3_1,,No Adm2,140810,29832875.3,"{2: 92704, 3: 1856, 0: 102}"
1980,SH021980,NONAME,1979-12-10 00:00,1979-12-28 06:00,OFCL,Mauritius,MUS,Grand Port,MUS.4_1,,No Adm2,113523,32872242.78,"{2: 92704, 3: 1856, 0: 102}"
1980,SH021980,NONAME,1979-12-10 00:00,1979-12-28 06:00,OFCL,Mauritius,MUS,Moka,MUS.5_1,,No Adm2,88800,14410842.75,"{2: 92704, 3: 1856, 0: 102}"
1980,SH021980,NONAME,1979-12-10 00:00,1979-12-28 06:00,OFCL,Mauritius,MUS,Pamplemousses,MUS.6_1,,No Adm2,148742,24804454.06,"{2: 92704, 3: 1856, 0: 102}"
1980,SH021980,NONAME,1979-12-10 00:00,1979-12-28 06:00,OFCL,Mauritius,MUS,Plaines Wilhems,MUS.7_1,,No Adm2,365517,50567545.19,"{2: 92704, 3: 1856, 0: 102}"
1980,SH021980,NONAME,1979-12-10 00:00,1979-12-28 06:00,OFCL,Mauritius,MUS,Port Louis,MUS.8_1,,No Adm2,111040,18814410.44,"{2: 92704, 3: 1856, 0: 102}"
1980,SH021980,NONAME,1979-12-10 00:00,1979-12-28 06:00,OFCL,Mauritius,MUS,Rivière du Rempart,MUS.9_1,,No Adm2,113200,20736297.14,"{2: 92704, 3: 1856, 0: 102}"
1980,SH021980,NONAME,1979-12-10 00:00,1979-12-28 06:00,OFCL,Reunion,REU,Saint-Benoît,REU.1_1,Bras-Panon,REU.1.1_1,9721,1162.29,{0: 9721}
1980,SH021980,NONAME,1979-12-10 00:00,1979-12-28 06:00,OFCL,Reunion,REU,Saint-Benoît,REU.1_1,La Plaine-des-Palmistes,REU.1.2_1,7627,6407.63,"{0: 7588, 1: 39}"
1980,SH021980,NONAME,1979-12-10 00:00,1979-12-28 06:00,OFCL,Reunion,REU,Saint-Benoît,REU.1_1,Saint-André,REU.1.3_1,13332,1924.54,{0: 13332}
1980,SH021980,NONAME,1979-12-10 00:00,1979-12-28 06:00,OFCL,Reunion,REU,Saint-Benoît,REU.1_1,Saint-Benoît,REU.1.4_1,31716,11165.43,"{0: 31693, 1: 23}"
1980,SH021980,NONAME,1979-12-10 00:00,1979-12-28 06:00,OFCL,Reunion,REU,Saint-Benoît,REU.1_1,Sainte-Rose,REU.1.5_1,7056,20600.96,"{0: 4971, 1: 2085}"
1980,SH021980,NONAME,1979-12-10 00:00,1979-12-28 06:00,OFCL,Reunion,REU,Saint-Benoît,REU.1_1,Salazie,REU.1.6_1,6822,166.08,"{0: 6817, 1: 5}"
1980,SH021980,NONAME,1979-12-10 00:00,1979-12-28 06:00,OFCL,Reunion,REU,Saint-Denis,REU.2_1,La Possession,REU.2.1_1,11856,1709.87,"{0: 11832, 1: 24}"
1980,SH021980,NONAME,1979-12-10 00:00,1979-12-28 06:00,OFCL,Reunion,REU,Saint-Denis,REU.2_1,Le Port,REU.2.2_1,1545,417.9,{0: 1545}
1980,SH021980,NONAME,1979-12-10 00:00,1979-12-28 06:00,OFCL,Reunion,REU,Saint-Denis,REU.2_1,Saint-Denis,REU.2.3_1,3039,1504.95,"{0: 2877, 1: 162}"
1980,SH021980,NONAME,1979-12-10 00:00,1979-12-28 06:00,OFCL,Reunion,REU,Saint-Denis,REU.2_1,Sainte-Marie,REU.2.4_1,7417,188.41,{0: 7417}
1980,SH021980,NONAME,1979-12-10 00:00,1979-12-28 06:00,OFCL,Reunion,REU,Saint-Denis,REU.2_1,Sainte-Suzanne,REU.2.5_1,12456,1469.11,{0: 12456}
1980,SH021980,NONAME,1979-12-10 00:00,1979-12-28 06:00,OFCL,Reunion,REU,Saint-Paul,REU.3_1,L'Étang-Salé,REU.3.1_1,15850,18564.69,"{0: 14482, 1: 1368}"
1980,SH021980,NONAME,1979-12-10 00:00,1979-12-28 06:00,OFCL,Reunion,REU,Saint-Paul,REU.3_1,Les Avirons,REU.3.2_1,15418,10607.43,"{0: 7387, 1: 8031}"
1980,SH021980,NONAME,1979-12-10 00:00,1979-12-28 06:00,OFCL,Reunion,REU,Saint-Paul,REU.3_1,Les Trois-Bassins,REU.3.3_1,7678,23082.79,"{0: 2759, 1: 4919}"
1980,SH021980,NONAME,1979-12-10 00:00,1979-12-28 06:00,OFCL,Reunion,REU,Saint-Paul,REU.3_1,Saint-Leu,REU.3.4_1,35997,94476.75,"{0: 17800, 1: 18197}"
1980,SH021980,NONAME,1979-12-10 00:00,1979-12-28 06:00,OFCL,Reunion,REU,Saint-Paul,REU.3_1,Saint-Paul,REU.3.5_1,65639,46385.35,"{0: 58078, 1: 7561}"
1980,SH021980,NONAME,1979-12-10 00:00,1979-12-28 06:00,OFCL,Reunion,REU,Saint-Pierre,REU.4_1,Cilaos,REU.4.1_1,5283,15036.17,"{0: 2800, 1: 2483}"
1980,SH021980,NONAME,1979-12-10 00:00,1979-12-28 06:00,OFCL,Reunion,REU,Saint-Pierre,REU.4_1,L'Entre-Deux,REU.4.2_1,8055,16110.09,"{0: 5934, 1: 2121}"
1980,SH021980,NONAME,1979-12-10 00:00,1979-12-28 06:00,OFCL,Reunion,REU,Saint-Pierre,REU.4_1,Le Tampon,REU.4.3_1,88829,642591.34,"{0: 3805, 1: 85024}"
1980,SH021980,NONAME,1979-12-10 00:00,1979-12-28 06:00,OFCL,Reunion,REU,Saint-Pierre,REU.4_1,Petite-Île,REU.4.4_1,13515,154420.53,{1: 13515}
1980,SH021980,NONAME,1979-12-10 00:00,1979-12-28 06:00,OFCL,Reunion,REU,Saint-Pierre,REU.4_1,Saint-Joseph,REU.4.5_1,42861,541342.13,"{0: 644, 1: 42217}"
1980,SH021980,NONAME,1979-12-10 00:00,1979-12-28 06:00,OFCL,Reunion,REU,Saint-Pierre,REU.4_1,Saint-Louis,REU.4.6_1,61165,32751.27,"{0: 37614, 1: 23551}"
1980,SH021980,NONAME,1979-12-10 00:00,1979-12-28 06:00,OFCL,Reunion,REU,Saint-Pierre,REU.4_1,Saint-Philippe,REU.4.7_1,5410,102894.61,"{0: 94, 1: 5316}"
1980,SH021980,NONAME,1979-12-10 00:00,1979-12-28 06:00,OFCL,Reunion,REU,Saint-Pierre,REU.4_1,Saint-Pierre,REU.4.8_1,86514,160583.91,"{0: 6185, 1: 80329}"
1988,SH021988,NONAME,1987-11-20 18:00,1987-11-26 06:00,OFCL,Comoros,COM,Njazídja,COM.2_1,,No Adm2,208281,5153.07,{0: 208281}
1988,SH021988,NONAME,1987-11-20 18:00,1987-11-26 06:00,OFCL,Comoros,COM,Nzwani,COM.3_1,,No Adm2,960,0.02,{0: 208281}
1988,SH021988,NONAME,1987-11-20 18:00,1987-11-26 06:00,OFCL,Mozambique,MOZ,Cabo Delgado,MOZ.1_1,Muidumbe,MOZ.1.10_1,74901,7272.15,"{0: 59354, 1: 15547}"
1988,SH021988,NONAME,1987-11-20 18:00,1987-11-26 06:00,OFCL,Mozambique,MOZ,Cabo Delgado,MOZ.1_1,Namuno,MOZ.1.11_1,108,0.04,{0: 108}
1988,SH021988,NONAME,1987-11-20 18:00,1987-11-26 06:00,OFCL,Mozambique,MOZ,Cabo Delgado,MOZ.1_1,Nangade,MOZ.1.12_1,38867,405.24,{0: 38867}
1988,SH021988,NONAME,1987-11-20 18:00,1987-11-26 06:00,OFCL,Mozambique,MOZ,Cabo Delgado,MOZ.1_1,Palma,MOZ.1.13_1,47014,5667.65,"{0: 42219, 1: 4795}"
1988,SH021988,NONAME,1987-11-20 18:00,1987-11-26 06:00,OFCL,Mozambique,MOZ,Cabo Delgado,MOZ.1_1,Pemba,MOZ.1.14_1,370427,90369.79,"{0: 3966, 1: 366461}"
1988,SH021988,NONAME,1987-11-20 18:00,1987-11-26 06:00,OFCL,Mozambique,MOZ,Cabo Delgado,MOZ.1_1,Quissanga,MOZ.1.15_1,38063,26329.09,"{0: 477, 1: 37586}"
1988,SH021988,NONAME,1987-11-20 18:00,1987-11-26 06:00,OFCL,Mozambique,MOZ,Cabo Delgado,MOZ.1_1,Ancuabe,MOZ.1.1_1,206418,37222.12,"{0: 156898, 1: 49520}"
1988,SH021988,NONAME,1987-11-20 18:00,1987-11-26 06:00,OFCL,Mozambique,MOZ,Cabo Delgado,MOZ.1_1,Chiúre,MOZ.1.3_1,121029,10297.33,"{0: 111645, 1: 9384}"
1988,SH021988,NONAME,1987-11-20 18:00,1987-11-26 06:00,OFCL,Mozambique,MOZ,Cabo Delgado,MOZ.1_1,Macomia,MOZ.1.4_1,115744,68482.64,"{0: 11315, 1: 104429}"
1988,SH021988,NONAME,1987-11-20 18:00,1987-11-26 06:00,OFCL,Mozambique,MOZ,Cabo Delgado,MOZ.1_1,Mecufi,MOZ.1.5_1,40138,24914.11,"{0: 456, 1: 39682}"
1988,SH021988,NONAME,1987-11-20 18:00,1987-11-26 06:00,OFCL,Mozambique,MOZ,Cabo Delgado,MOZ.1_1,Meluco,MOZ.1.6_1,23466,2448.96,"{0: 18346, 1: 5120}"
1988,SH021988,NONAME,1987-11-20 18:00,1987-11-26 06:00,OFCL,Mozambique,MOZ,Cabo Delgado,MOZ.1_1,Mocimboa da Praia,MOZ.1.7_1,114670,11170.98,"{0: 80143, 1: 34527}"
1988,SH021988,NONAME,1987-11-20 18:00,1987-11-26 06:00,OFCL,Mozambique,MOZ,Cabo Delgado,MOZ.1_1,Montepuez,MOZ.1.8_1,22702,78.87,{0: 22702}
1988,SH021988,NONAME,1987-11-20 18:00,1987-11-26 06:00,OFCL,Mozambique,MOZ,Cabo Delgado,MOZ.1_1,Mueda,MOZ.1.9_1,56138,2065.04,{0: 56138}
1988,SH021988,NONAME,1987-11-20 18:00,1987-11-26 06:00,OFCL,Mozambique,MOZ,Nampula,MOZ.7_1,Monapo,MOZ.7.10_1,76892,42.64,{0: 76892}
1988,SH021988,NONAME,1987-11-20 18:00,1987-11-26 06:00,OFCL,Mozambique,MOZ,Nampula,MOZ.7_1,Mossuril,MOZ.7.12_1,4675,1113.84,{0: 4675}
1988,SH021988,NONAME,1987-11-20 18:00,1987-11-26 06:00,OFCL,Mozambique,MOZ,Nampula,MOZ.7_1,Muecate,MOZ.7.13_1,48,0.01,{0: 48}
1988,SH021988,NONAME,1987-11-20 18:00,1987-11-26 06:00,OFCL,Mozambique,MOZ,Nampula,MOZ.7_1,Nacala Velha,MOZ.7.15_1,119260,288.23,{0: 119260}
1988,SH021988,NONAME,1987-11-20 18:00,1987-11-26 06:00,OFCL,Mozambique,MOZ,Nampula,MOZ.7_1,Namapa,MOZ.7.16_1,205604,9501.23,"{0: 196918, 1: 8686}"
1988,SH021988,NONAME,1987-11-20 18:00,1987-11-26 06:00,OFCL,Mozambique,MOZ,Nampula,MOZ.7_1,Erati,MOZ.7.2_1,36458,31.54,{0: 36458}
1988,SH021988,NONAME,1987-11-20 18:00,1987-11-26 06:00,OFCL,Mozambique,MOZ,Nampula,MOZ.7_1,Memba,MOZ.7.7_1,320543,7876.44,"{0: 318571, 1: 1972}"
1988,SH021988,NONAME,1987-11-20 18:00,1987-11-26 06:00,OFCL,Tanzania,TZA,Mtwara,TZA.15_1,Mtwara Rural,TZA.15.3_1,3754,0.58,{0: 3754}
1992,SH021992,NONAME,1991-10-11 12:00,1991-10-21 06:00,OFCL,Madagascar,MDG,Antsiranana,MDG.2_1,Diana,MDG.2.1_1,144795,963.72,{0: 144795}
1992,SH021992,NONAME,1991-10-11 12:00,1991-10-21 06:00,OFCL,Madagascar,MDG,Antsiranana,MDG.2_1,Sava,MDG.2.2_1,338,0.95,{0: 338}
2003,SH012003,NONAME,2002-09-05 12:00,2002-09-09 00:00,OFCL,Seychelles,SYC,Belombre,SYC.10_1,,No Adm2,3615,62.84,{0: 3615}
2003,SH012003,NONAME,2002-09-05 12:00,2002-09-09 00:00,OFCL,Seychelles,SYC,Cascade,SYC.11_1,,No Adm2,3077,95.1,{0: 3077}
2003,SH012003,NONAME,2002-09-05 12:00,2002-09-09 00:00,OFCL,Seychelles,SYC,Glacis,SYC.13_1,,No Adm2,1690,129.33,{0: 1690}
2003,SH012003,NONAME,2002-09-05 12:00,2002-09-09 00:00,OFCL,Seychelles,SYC,Grand' Anse,SYC.14_1,,No Adm2,3823,1075.44,{0: 3823}
2003,SH012003,NONAME,2002-09-05 12:00,2002-09-09 00:00,OFCL,Seychelles,SYC,Grand'Anse Praslin,SYC.15_1,,No Adm2,4382,1345.1,{0: 4382}
2003,SH012003,NONAME,2002-09-05 12:00,2002-09-09 00:00,OFCL,Seychelles,SYC,La Digue and Inner Islands,SYC.16_1,,No Adm2,4165,1347.37,{0: 4165}
2003,SH012003,NONAME,2002-09-05 12:00,2002-09-09 00:00,OFCL,Seychelles,SYC,Les Mamelles,SYC.17_1,,No Adm2,812,1.46,{0: 812}
2003,SH012003,NONAME,2002-09-05 12:00,2002-09-09 00:00,OFCL,Seychelles,SYC,Mont Fleuri,SYC.19_1,,No Adm2,1060,253.12,{0: 1060}
2003,SH012003,NONAME,2002-09-05 12:00,2002-09-09 00:00,OFCL,Seychelles,SYC,Anse aux Pins,SYC.1_1,,No Adm2,3957,37274.55,{0: 3957}
2003,SH012003,NONAME,2002-09-05 12:00,2002-09-09 00:00,OFCL,Seychelles,SYC,Outer Islands,SYC.20_1,,No Adm2,28,28.25,{0: 28}
2003,SH012003,NONAME,2002-09-05 12:00,2002-09-09 00:00,OFCL,Seychelles,SYC,Plaisance,SYC.21_1,,No Adm2,1887,209.56,{0: 1887}
2003,SH012003,NONAME,2002-09-05 12:00,2002-09-09 00:00,OFCL,Seychelles,SYC,Pointe La Rue,SYC.22_1,,No Adm2,4074,3356.54,{0: 4074}
2003,SH012003,NONAME,2002-09-05 12:00,2002-09-09 00:00,OFCL,Seychelles,SYC,Port Glaud,SYC.23_1,,No Adm2,3053,3066.77,{0: 3053}
2003,SH012003,NONAME,2002-09-05 12:00,2002-09-09 00:00,OFCL,Seychelles,SYC,Takamaka,SYC.26_1,,No Adm2,3083,3898.53,"{0: 3074, 1: 9}"
2003,SH012003,NONAME,2002-09-05 12:00,2002-09-09 00:00,OFCL,Seychelles,SYC,Anse Boileau,SYC.2_1,,No Adm2,3446,90.82,{0: 3446}
2003,SH012003,NONAME,2002-09-05 12:00,2002-09-09 00:00,OFCL,Seychelles,SYC,Anse Étoile,SYC.3_1,,No Adm2,1717,146.35,{0: 1717}
2003,SH012003,NONAME,2002-09-05 12:00,2002-09-09 00:00,OFCL,Seychelles,SYC,Anse Royale,SYC.4_1,,No Adm2,4457,1995.87,{0: 4457}
2003,SH012003,NONAME,2002-09-05 12:00,2002-09-09 00:00,OFCL,Seychelles,SYC,Au Cap,SYC.5_1,,No Adm2,5986,6822.33,{0: 5986}
2003,SH012003,NONAME,2002-09-05 12:00,2002-09-09 00:00,OFCL,Seychelles,SYC,Baie Lazare,SYC.6_1,,No Adm2,4376,5414.11,{0: 4376}
2003,SH012003,NONAME,2002-09-05 12:00,2002-09-09 00:00,OFCL,Seychelles,SYC,Baie Sainte Anne,SYC.7_1,,No Adm2,6583,1279.8,{0: 6583}
2003,SH012003,NONAME,2002-09-05 12:00,2002-09-09 00:00,OFCL,Seychelles,SYC,Beau Vallon,SYC.8_1,,No Adm2,300,0.23,{0: 300}
2003,SH012003,NONAME,2002-09-05 12:00,2002-09-09 00:00,OFCL,Seychelles,SYC,Bel Air,SYC.9_1,,No Adm2,651,237.05,{0: 651}
2009,SH012009,ASMA,2008-10-15 18:00,2008-10-24 12:00,OFCL,Comoros,COM,Mwali,COM.1_1,,No Adm2,37618,553.6,{0: 37618}
2009,SH012009,ASMA,2008-10-15 18:00,2008-10-24 12:00,OFCL,Comoros,COM,Nzwani,COM.3_1,,No Adm2,20725,240.56,{0: 37618}
2009,SH012009,ASMA,2008-10-15 18:00,2008-10-24 12:00,OFCL,Madagascar,MDG,Antsiranana,MDG.2_1,Diana,MDG.2.1_1,44914,45.93,{0: 44914}
2016,SH012016,ABELA,2016-07-14 12:00,2016-07-20 12:00,OFCL,Madagascar,MDG,Antsiranana,MDG.2_1,Sava,MDG.2.2_1,43459,2621.49,"{0: 41245, 1: 2214}"
2016,SH012016,ABELA,2016-07-14 12:00,2016-07-20 12:00,OFCL,Madagascar,MDG,Toamasina,MDG.5_1,Analanjirofo,MDG.5.2_1,5807,4.1,{0: 5807}
